표지일련번호,표지종별,lon,lat
ER-400[봉담동탄고속도로]-상-60,2방향예고표지,127.0692275,37.18266345
NR-1[경기대로]-하-1982,시/군계표지,127.0408262,37.19785946
UR(오산시)-16[남부대로]-상-5,3방향도로명예고표지,127.0702161,37.13592905
UR(오산시)-16[남부대로]-하-3,3방향표지,127.0643158,37.13553135
UR(오산시)-16[남부대로]-하-4,3방향예고표지,127.0517168,37.13424755
UR(오산시)-[운천로]-상-6,3방향도로명표지,127.0744895,37.1460525
UR(오산시)-[운천로]-상-8,3방향도로명표지,127.0746224,37.14859603
UR(오산시)-[운천로]-하-7,2방향표지,127.0743137,37.14317816
UR(오산시)-16[남부대로]-하-8,3방향도로명표지,127.0691227,37.13590731
ER-1[경부고속도로]-하-1333,200m 출구감속표지,127.0849764,37.1528961
ER-1[경부고속도로]-하-1334,300m 출구감속표지,127.0855902,37.15422923
ER-1[경부고속도로]-상-1431,2방향표지,127.0810308,37.14310253
ER-1[경부고속도로]-상-1435,300m 출구감속표지,127.0865618,37.13697159
ER-1[경부고속도로]-상-1437,小형_휴게소(예고)표지,127.0848901,37.1420591
ER-1[경부고속도로]-상-1438,小형_휴게소(예고)표지,127.083565,37.14676271
ER-1[경부고속도로]-상-1432,2방향표지,127.0824177,37.14324577
ER-1[경부고속도로]-상-1433,100m 출구감속표지,127.0857811,37.13937975
ER-1[경부고속도로]-상-1434,200m 출구감속표지,127.0862119,37.13808914
ER-1[경부고속도로]-상-1457,미분류,127.0874341,37.13568764
ER-1[경부고속도로]-상-1458,미분류,127.0856454,37.13977358
ER-1[경부고속도로]-상-1459,미분류,127.0850412,37.14169501
ER-1[경부고속도로]-상-1460,미분류,127.0844439,37.14996587
ER-1[경부고속도로]-상-1462,미분류,127.0847992,37.15146199
ER-1[경부고속도로]-상-1463,미분류,127.0886609,37.15963363
RR-82[경기동로]-상-180,3방향예고표지,127.0897476,37.15879699
UR(오산시)-[성호대로]-상-9,3방향도로명예고표지,127.0811235,37.14860574
UR(오산시)-[성호대로]-상-8,3방향도로명표지,127.0785905,37.1487171
ER-400[봉담동탄고속도로]-상-59,종합휴게소2차예고표지,127.0642258,37.18379851
ER-400[봉담동탄고속도로]-하-37,출구점예고표지(2지명)_150m예고,127.0542321,37.18302621
ER-400[봉담동탄고속도로]-하-42,단일노선표지,127.0691256,37.18240581
UR(화성시)-[독산성로]-상-1,시/군계표지,127.0086036,37.18575092
UR(화성시)-[문시로]-상-12,시/군계표지,127.0684302,37.19062107
ER-1[경부고속도로]-상-1376,분기점표지,127.0884027,37.15906852
ER-1[경부고속도로]-하-1332,100m 출구감속표지,127.0842092,37.15131078
UR(평택시)-[엘지로]-하-19,2방향표지,127.0864628,37.12699604
UR(화성시)-[문시로]-하-23,3방향표지,127.0685819,37.19068483
ER-400[봉담동탄고속도로]-상-79,2방향표지,126.9998164,37.17584713
ER-400[봉담동탄고속도로]-상-80,2방향표지,127.0010728,37.17519504
ER-17[평택화성고속도로]-하-103,2방향표지,126.9979827,37.17596255
ER-17[평택화성고속도로]-하-102,1방향예고표지,126.9984835,37.1769679
ER-17[평택화성고속도로]-하-99,1방향표지,127.0039421,37.18229356
ER-17[평택화성고속도로]-하-98,3방향1차예고표지,127.0111084,37.19128698
ER-17[평택화성고속도로]-상-100,종점표지,127.0122888,37.19282886
UR(화성시)-[한신대길]-하-6,3방향표지,127.0230978,37.19620747
UR(화성시)-[태안로]-상-46,하천표지,127.0371362,37.19975219
ER-400[봉담동탄고속도로]-하-38,출구점표지(2지명),127.0554936,37.18333202
ER-400[봉담동탄고속도로]-상-55,나가는곳표지,127.058118,37.18400661
UR(평택시)-[남부대로]-상-8,2방향예고표지,127.0888597,37.12873126
ER-400[봉담동탄고속도로]-상-67,돌아가는길표지,127.0552963,37.18562412
ER-400[봉담동탄고속도로]-상-68,2지명방향표지,127.0540756,37.18807288
ER-400[봉담동탄고속도로]-상-69,매표소표지,127.0538199,37.18805382
ER-17[평택화성고속도로]-하-94,2지명방향표지,126.9965736,37.17579266
RR-82[경기동로]-하-188,3방향표지,127.0829895,37.15967742
ER-17[평택화성고속도로]-상-86,2방향표지,126.9980507,37.17470587
ER-17[평택화성고속도로]-상-93,매표소표지,126.9980765,37.17528883
UR(화성시)-[독산성로]-하-3,읍/면/동계표지,127.0084207,37.1857133
UR(화성시)-[독산성로]-하-2,시/군계표지,127.0086036,37.18575092
ER-17[평택화성고속도로]-상-88,1방향표지,127.0069284,37.18440707
ER-17[평택화성고속도로]-상-91,1방향표지,127.0121723,37.19266033
ER-400[봉담동탄고속도로]-상-104,출구점예고표지(2지명)_150m예고,127.0633301,37.18395616
ER-400[봉담동탄고속도로]-상-36,2방향표지,127.0558864,37.18481463
ER-400[봉담동탄고속도로]-하-12,매표소표지,127.0575053,37.18284505
ER-400[봉담동탄고속도로]-상-37,매표소표지,127.0537322,37.1883479
ER-400[봉담동탄고속도로]-상-57,1지명이정표지,127.0636144,37.1838945
ER-17[평택화성고속도로]-하-95,3방향2차예고표지,127.0050203,37.18324454
NR-1[경기대로]-하-1983,미분류,127.0409369,37.19787639
ER-400[봉담동탄고속도로]-상-72,2방향2차예고표지,127.0123786,37.17092687
ER-400[봉담동탄고속도로]-상-71,3방향표지,127.006688,37.17237812
ER-400[봉담동탄고속도로]-상-70,2방향2차예고표지,127.0047942,37.17323392
ER-400[봉담동탄고속도로]-하-52,종합휴게소3차예고표지,127.0296054,37.17460948
ER-400[봉담동탄고속도로]-하-53,1방향예고표지,127.0355842,37.17676567
ER-400[봉담동탄고속도로]-하-54,1방향예고표지,127.0519838,37.18222703
ER-400[봉담동탄고속도로]-상-78,종합휴게소1차예고표지,127.0518037,37.18238569
ER-400[봉담동탄고속도로]-상-77,단일노선표지,127.0457304,37.18031203
ER-400[봉담동탄고속도로]-상-76,종합휴게소2차예고표지,127.0454601,37.18024005
ER-400[봉담동탄고속도로]-상-75,분기점표지,127.0294946,37.17481679
ER-400[봉담동탄고속도로]-상-74,2방향1차예고표지,127.0236706,37.17265762
ER-400[봉담동탄고속도로]-상-73,분기점표지,127.0196444,37.17142455
ER-400[봉담동탄고속도로]-상-58,분기점표지,127.0631546,37.18379777
ER-400[봉담동탄고속도로]-하-49,단일노선표지,127.0106739,37.17102276
ER-400[봉담동탄고속도로]-하-51,종합휴게소2차예고표지,127.0238783,37.17240828
NR-1[경기대로]-상-1517,3방향예고표지,127.0738223,37.15345379
NR-1[경기대로]-상-1025,3방향표지,127.0433132,37.19419973
NR-1[경기대로]-상-1013,2방향표지,127.0559052,37.1790761
NR-1[경기대로]-상-1015,3방향예고표지,127.0474484,37.18681323
NR-1[경기대로]-상-1515,3방향도로명표지,127.0735168,37.14241216
RR-82[성호대로]-하-1,3방향예고표지,127.0638233,37.14937075
RR-310[가장로]-상-173,2방향표지,127.0452557,37.15644053
RR-82[성호대로]-상-1,3방향예고표지,127.0638233,37.14937075
NR-1[경기대로]-하-67,3방향표지,127.0459678,37.18964041
NR-1[경기대로]-하-73,3방향예고표지,127.0734082,37.14665618
RR-310[가장로]-하-143,시/군계표지,127.0281137,37.16131873
RR-310[밀머리로]-하-1,2방향예고표지,127.0808971,37.13629756
RR-310[밀머리로]-상-3,3방향표지,127.0760513,37.13761668
RR-310[밀머리로]-하-3,3방향예고표지,127.0749988,37.13853673
RR-310[밀머리로]-상-1,3방향표지,127.0760513,37.13761668
NR-1[경기대로]-하-66,3방향예고표지,127.0449555,37.1920736
NR-1[경기대로]-상-1513,3방향표지,127.0735323,37.14115045
NR-1[경기대로]-상-1512,3방향도로명표지,127.0730104,37.13563916
NR-1[경기대로]-하-828,3방향예고표지,127.0703799,37.15889472
RR-82-상-1,분기점표지,127.0737777,37.150921
NR-1[경기대로]-상-1487,3방향표지,127.0463053,37.18888341
NR-1[경기대로]-상-1521,관광지표지(사설 관광지표지 제외),127.0473141,37.18734326
NR-1[경기대로]-상-1518,분기점표지,127.0733347,37.15493929
NR-1[경기대로]-상-1506,2지명이정표지,127.0722454,37.13091455
NR-1[경기대로]-상-1508,시/군계표지,127.0726864,37.13382513
NR-1[경기대로]-하-1334,관광지표지(사설 관광지표지 제외),127.0459156,37.19130745
NR-1[경기대로]-상-997,3방향예고표지,127.073599,37.14606137
NR-1[경기대로]-상-990,3방향예고표지,127.0735278,37.13885204
NR-1[경기대로]-상-989,미분류,127.0729878,37.13575655
NR-1[경기대로]-상-983,미분류방향표지,127.0721785,37.13123086
NR-1[경기대로]-상-985,3방향예고표지,127.0724689,37.13273245
NR-1[경기대로]-상-1031,시/군계표지,127.0414041,37.19741336
RR-310[밀머리로]-하-4,3방향표지,127.0737185,37.14144791
NR-1[경기대로]-상-1505,시/군계표지,127.0686599,37.12806405
NR-1[경기대로]-하-1339,분기점표지,127.0696007,37.15987115
NR-1[경기대로]-상-2291,하천표지,127.071237,37.15778187
NR-1[경기대로]-하-1341,분기점표지,127.0717374,37.15721225
RR-310[가장로]-상-161,시/군계표지,127.0281137,37.16131873
RR-310[가장로]-하-148,3방향예고표지,127.0578018,37.15178772
RR-310[가장로]-상-158,3방향표지,127.0607251,37.14995914
UR(오산시)-[성호대로]-상-7,3방향도로명표지,127.0739648,37.14892899
RR-310[밀머리로]-상-2,3방향표지,127.0737185,37.14144791
RR-82[경기동로]-하-35,3방향표지,127.0839966,37.15895739
RR-82[경기동로]-하-37,3방향도로명표지,127.0789668,37.15902742
RR-82[발안로]-상-38,2방향표지,127.0361186,37.1367742
RR-82[공사중도로(20191217)]-상-1,3방향예고표지,127.0547742,37.14603764
UR(오산시)-[황새로]-상-1,3방향표지,127.0616204,37.14900734
RR-82[경기동로]-상-44,3방향표지,127.0811085,37.15891431
RR-82[경기동로]-하-39,3방향표지,127.0736536,37.15636938
RR-82[감투로]-하-1,3방향표지,127.0609065,37.14963824
RR-82[발안로]-하-48,미분류,127.0361147,37.13704732
ER-1[경부고속도로]-상-427,나가는곳표지,127.0852582,37.14103994
RR-82[경기동로]-상-43,3방향도로명표지,127.0786538,37.15887353
RR-82[경기동로]-상-42,3방향도로명예고표지,127.0753656,37.15719732
RR-82[경기동로]-하-64,미분류,127.0789668,37.15902742
RR-82[경기동로]-하-36,3방향도로명예고표지,127.081229,37.15903365
RR-82[경기동로]-하-38,3방향예고표지,127.0779712,37.15877075
ER-1[경부고속도로]-하-398,2방향표지,127.0870448,37.15727927
RR-82[경기동로]-하-1,미분류,127.0786538,37.15887353
ER-1[경부고속도로]-하-399,2방향예고표지,127.0845151,37.15199893
ER-1[경부고속도로]-상-401,3지명이정표지,127.0840951,37.14915846
UR(오산시)-[오산천로]-하-4,미분류,127.0722546,37.15643425
ER-1[경부고속도로]-상-424,2차출구예고표지(2방향)_1Km예고,127.089841,37.13237542
ER-1[경부고속도로]-상-426,출구점표지(2지명),127.0855603,37.14014629
ER-1[경부고속도로]-하-402,나가는곳표지,127.0834006,37.14511283
ER-1[경부고속도로]-하-397,시/군계표지,127.0879584,37.15918671
ER-1[경부고속도로]-하-400,2방향예고표지,127.0835598,37.149867
RR-82[경기동로]-상-45,시/군계표지,127.0940328,37.15880353
ER-1[경부고속도로]-하-401,2방향표지,127.0830466,37.14800458
NR-1[경기대로]-상-1196,2방향표지,127.0669756,37.12686366
UR(오산시)-[남부대로]-하-25,3방향도로명예고표지,127.066484,37.13572382
UR(오산시)-16[남부대로]-하-1,3방향예고표지,127.0700671,37.13582111
UR(오산시)-16[남부대로]-하-2,3방향도로명표지,127.0725203,37.13579
UR(오산시)-16[남부대로]-상-4,3방향예고표지,127.0756123,37.13582526
UR(오산시)-16[남부대로]-상-2,3방향예고표지,127.0770017,37.13590739
UR(오산시)-16[남부대로]-상-3,3방향표지,127.0770833,37.13583053
UR(오산시)-16[남부대로]-상-1,3방향도로명표지,127.073297,37.13596975
UR(오산시)-[독산성로]-하-8,2방향1차예고표지,127.0256265,37.17806585
UR(오산시)-[독산성로]-상-9,관광지표지(사설 관광지표지 제외),127.0278383,37.17941446
UR(오산시)-10[동부대로]-하-7,2방향1차예고표지,127.0780302,37.1451907
UR(오산시)-10[동부대로]-하-4,3방향표지,127.0780394,37.13720282
UR(오산시)-10[동부대로]-하-3,3방향표지,127.0781947,37.1361743
UR(오산시)-[동부대로]-상-24,3방향1차예고표지,127.0783002,37.13238562
UR(오산시)-[운암로]-하-6,3방향도로명표지,127.0769029,37.15322447
UR(오산시)-[독산성로]-하-9,관광지표지(사설 관광지표지 제외),127.0281885,37.17965221
UR(오산시)-[서랑로]-하-4,2방향표지,127.0215934,37.17622257
UR(오산시)-[독산성로]-하-6,2방향표지,127.0163438,37.1795805
UR(오산시)-[독산성로]-상-7,2방향1차예고표지,127.0198141,37.17774597
UR(오산시)-[독산성로]-하-7,2방향표지,127.0092956,37.18463058
UR(오산시)-[운천로]-상-39,2방향표지,127.079454,37.15255059
UR(오산시)-[운천로]-하-10,3방향도로명표지,127.0743997,37.14901529
UR(오산시)-[운천로]-하-8,3방향도로명표지,127.0743223,37.14651873
UR(오산시)-6[은여울로]-상-3,3방향1차예고표지,127.0735464,37.15992473
UR(오산시)-[독산성로]-상-8,2방향표지,127.0148058,37.18087803
UR(오산시)-10[동부대로]-상-2,3방향표지,127.0784193,37.13562844
UR(오산시)-10[동부대로]-상-3,3방향표지,127.078479,37.13679289
UR(오산시)-10[동부대로]-상-4,3방향1차예고표지,127.0784023,37.1403925
UR(오산시)-10[동부대로]-상-5,3방향표지,127.0783642,37.1427061
UR(오산시)-10[동부대로]-상-7,2방향표지,127.0782348,37.14621005
UR(오산시)-[동부대로]-상-16,2방향예고표지,127.0788273,37.14972357
UR(오산시)-1[오산로]-하-5,3방향도로명표지,127.0688949,37.13607507
UR(오산시)-1[오산로]-하-1,2방향도로명표지,127.066919,37.12742252
UR(오산시)-2[원동로]-상-2,3방향예고표지,127.0763505,37.14307301
UR(오산시)-2[원동로]-상-1,3방향도로명표지,127.0736989,37.14286475
UR(오산시)-1[오산로]-하-3,3방향표지,127.0676228,37.1561883
UR(오산시)-[역광장로]-하-6,3방향표지,127.0682605,37.14657948
UR(오산시)-[오산로]-하-13,3방향도로명예고표지,127.0687782,37.13814715
UR(오산시)-[현충로]-상-5,3방향표지,127.0759396,37.1616265
UR(오산시)-6[현충로]-하-1,3방향1차예고표지,127.0719597,37.16323596
UR(오산시)-[운천로]-상-7,3방향도로명표지,127.0783133,37.15580753
UR(오산시)-[운암로]-상-6,3방향도로명표지,127.0788944,37.15886567
UR(오산시)-[운암로]-상-11,3방향도로명표지,127.0763479,37.14859895
UR(오산시)-[운암로]-상-9,3방향도로명표지,127.0769951,37.15300444
UR(오산시)-[운암로]-하-8,2방향도로명표지,127.0761434,37.14649142
UR(오산시)-[운암로]-하-7,3방향도로명표지,127.0762222,37.1489127
UR(오산시)-[대원로]-상-8,3방향도로명표지,127.0741676,37.14622926
UR(오산시)-[서랑로]-상-4,2방향표지,127.0215508,37.17618168
UR(오산시)-[양산로]-하-7,3방향1차예고표지,127.0246075,37.19605161
UR(오산시)-[운암로]-상-8,3방향도로명표지,127.0767678,37.15304458
UR(오산시)-[독산성로]-하-10,3방향예고표지,127.0455509,37.18928014
UR(오산시)-[성호대로]-상-4,3방향도로명표지,127.0759904,37.14869587
UR(오산시)-10[동부대로]-하-6,3방향1차예고표지,127.0780088,37.14599978
UR(오산시)-10[동부대로]-하-9,2방향표지,127.0780681,37.14372276
UR(오산시)-10[동부대로]-하-5,2지명방향표지,127.0781861,37.13857202
UR(오산시)-[현충로]-하-4,3방향도로명표지,127.0786375,37.15911772
UR(오산시)-[현충로]-상-3,3방향도로명예고표지,127.0781692,37.15999944
UR(오산시)-[운암로]-하-5,3방향도로명표지,127.0781821,37.15598507
UR(오산시)-[오산로]-상-13,3방향표지,127.0686756,37.14208176
UR(오산시)-[성호대로]-하-8,3방향도로명표지,127.0765165,37.14884202
UR(오산시)-[성호대로]-하-7,3방향도로명표지,127.0747365,37.1488546
UR(오산시)-6[현충로]-하-2,3방향표지,127.0755763,37.16164872
UR(오산시)-[운천로]-상-5,3방향도로명표지,127.0780998,37.15586025
UR(오산시)-[운천로]-하-6,3방향도로명표지,127.0783955,37.15590935
UR(오산시)-[성호대로]-상-5,3방향도로명표지,127.0742802,37.14869755
UR(오산시)-[대원로]-하-5,2방향도로명표지,127.0764801,37.14630747
UR(오산시)-[대원로]-하-4,3방향도로명표지,127.074631,37.14637023
UR(오산시)-[대원로]-상-6,2방향도로명표지,127.0777831,37.14617181
UR(오산시)-[청학로]-하-830,3방향표지,127.0640551,37.15998063
UR(오산시)-[오산로]-상-17,3방향표지,127.0646153,37.15983318
UR(오산시)-[청학로]-상-769,3방향1차예고표지,127.0647719,37.15683917
UR(오산시)-[청학로]-하-832,3방향1차예고표지,127.0641978,37.16254416
UR(오산시)-[청학로]-상-13,2방향표지,127.0637095,37.16573682
UR(오산시)-[청학로]-상-12,3방향표지,127.0643812,37.15960405
UR(오산시)-2[원동로]-하-2,3방향도로명표지,127.0729522,37.14250772
UR(오산시)-1[원동로]-상-1,3방향도로명표지,127.0689763,37.14249295
UR(오산시)-2[원동로]-상-3,3방향도로명표지,127.0796375,37.14331368
UR(오산시)-10[동부대로]-하-12,2방향표지,127.0800985,37.15276388
UR(오산시)-[동부대로]-하-20,2방향1차예고표지,127.0791401,37.15091235
NR-1[경기대로]-하-2065,2방향도로명예고표지,127.0697454,37.12872732
NR-1[경기대로]-하-837,2방향도로명표지,127.0671773,37.12738152
UR(오산시)-[운암로]-하-9,3방향도로명표지,127.0770977,37.15315636
UR(오산시)-[청학로]-하-835,2방향표지,127.0623886,37.16747337
NR-1[경기대로]-하-834,3방향도로명표지,127.0728672,37.13618329
NR-1[경기대로]-하-829,3방향표지,127.0721257,37.15665162
NR-1[경기대로]-하-832,단일노선표지,127.0733379,37.14105292
NR-1[경기대로]-하-831,3방향표지,127.0733034,37.14177985
NR-1[경기대로]-하-833,3방향예고표지,127.0731373,37.13747216
RR-314[정남동로]-상-6,2방향표지,127.0357937,37.13654233
ER-1[경부고속도로]-하-835,단일노선표지,127.0862175,37.13667537
ER-1[경부고속도로]-상-929,단일노선표지,127.0838539,37.14589114
NR-1[경기대로]-하-830,3방향표지,127.0733212,37.14342059
UR(오산시)-16[남부대로]-하-6,2방향예고표지,127.0384172,37.13607759
UR(오산시)-[남부대로]-상-10,3방향표지,127.0471028,37.13406916
UR(오산시)-16[남부대로]-하-5,3방향표지,127.0502934,37.13426751
UR(평택시)-[동부대로]-상-1,3방향표지,127.0792888,37.12578251
UR(오산시)-[운천로]-하-11,2방향도로명표지,127.0750589,37.15358556
UR(오산시)-[내삼미로80번길]-하-1,3방향표지,127.0676343,37.16676172
UR(오산시)-[내삼미로]-상-5,3방향표지,127.0661324,37.1709481
UR(오산시)-[오산대역로]-하-1,3방향표지,127.0663792,37.17134136
UR(오산시)-[내삼미로]-하-5,3방향표지,127.0657034,37.17534216
UR(오산시)-[북삼미로]-하-3,2방향표지,127.0621175,37.17634216
UR(오산시)-[북삼미로]-상-6,2방향예고표지,127.0628742,37.18359905
UR(오산시)-1[북삼미로]-상-1,2방향표지,127.0633516,37.18637573
UR(오산시)-[북삼미로]-상-8,3방향예고표지,127.0634735,37.18760878
UR(오산시)-[문시로]-상-15,3방향표지,127.0477084,37.18990319
UR(오산시)-[북삼미로]-상-10,2방향표지,127.0606888,37.19377097
NR-1[경기대로]-하-2038,2방향예고표지,127.0469431,37.18748016
NR-1[경기대로]-하-2044,2지명이정표지,127.0578105,37.17774988
UR(오산시)-[경기대로761번길]-상-1,3방향표지,127.044283,37.18899554
UR(오산시)-[내삼미로]-상-6,3방향표지,127.0653593,37.16567067
UR(오산시)-[문헌공로]-하-3,2방향표지,127.0509332,37.17424989
UR(오산시)-[금암로]-상-13,2방향표지,127.0519903,37.17116775
NR-1[경기대로]-상-2287,사설표지(허가),127.0738301,37.15212565
UR(오산시)-[오산대역로]-하-6,3방향예고표지,127.0476105,37.16984672
UR(오산시)-[여계산로]-하-2,2방향예고표지,127.045415,37.17217757
UR(오산시)-[여계산로]-상-2,3방향표지,127.0443052,37.17635603
UR(오산시)-[수청로]-하-5,3방향표지,127.0536655,37.17614809
UR(오산시)-[수청로]-하-7,3방향표지,127.0587711,37.17033337
UR(오산시)-[독산성로449번길]-상-1,2방향표지,127.0436278,37.19002096
UR(오산시)-[세남로14번길]-상-4,자동차전용도로표지(430-1),127.036196,37.19171708
UR(오산시)-[세남로]-하-6,2방향표지,127.0364856,37.19802552
UR(오산시)-[세남로]-하-7,2방향예고표지,127.0367351,37.19918775
UR(오산시)-[양산로]-하-13,2방향표지,127.0362572,37.19784698
UR(오산시)-하-50,3방향표지,127.0327499,37.19813621
UR(오산시)-[양산로]-하-19,2방향예고표지,127.0266396,37.19623908
UR(오산시)-하-53,3방향표지,127.0616634,37.16970284
UR(오산시)-[오산대역로]-하-9,2방향표지,127.0611592,37.17061757
UR(오산시)-[서부로]-하-808,2지명이정표지,127.0339514,37.19241004
RR-310[가장로]-상-160,2방향표지,127.0372878,37.16005503
UR(오산시)-[서부로]-상-131,3방향예고표지,127.0404644,37.1780085
UR(오산시)-[서부로]-상-136,2방향예고표지,127.0353631,37.19139805
UR(오산시)-[서부로]-상-137,2방향예고표지,127.0329385,37.19337224
UR(오산시)-[서부로]-상-140,2방향예고표지,127.0263755,37.19670687
UR(오산시)-[서부로]-하-818,2방향표지,127.0402929,37.17057491
UR(오산시)-[독산성로]-상-16,3방향표지,127.0377239,37.1857904
UR(오산시)-[문시로]-상-18,관광지표지(사설 관광지표지 제외),127.0530541,37.18950774
UR(오산시)-10[동부대로]-하-8,단일노선표지,127.0779676,37.14561501
UR(오산시)-[문시로]-하-29,관광지표지(사설 관광지표지 제외),127.048709,37.1898581
UR(오산시)-[동부대로]-하-34,3방향표지,127.0780671,37.1489587
UR(오산시)-[동부대로]-상-27,사설표지(허가),127.0811858,37.15462322
RR-82[경기동로]-하-195,3방향예고표지,127.0800982,37.15882494
UR(오산시)-[동부대로]-하-35,3방향예고표지,127.0818375,37.15659649
UR(오산시)-[독산성로]-하-20,2방향도로명표지,127.0320737,37.18171746
UR(오산시)-[청호로]-하-1,2방향표지,127.0854034,37.13240068
UR(오산시)-[수목원로]-상-22,2방향예고표지,127.0542727,37.13774346
UR(오산시)-[지곶중앙로]-상-5,3방향도로명표지,127.0254061,37.17674231
UR(오산시)-[지곶중앙로]-하-7,유도표지,127.0242288,37.17582969
UR(오산시)-[배무니로]-상-1,유도표지,127.0241591,37.17400879
UR(오산시)-[배무니로]-하-2,2방향도로명표지,127.0260691,37.17299928
UR(오산시)-[가장산업서북로]-하-1,2방향도로명표지,127.0268158,37.16977665
RR-82[발안로]-하-200,읍/면/동계표지,127.0417063,37.14032058
RR-82[발안로]-상-214,사설표지(허가),127.0469283,37.14141249
UR(오산시)-[가장산업동로]-상-3,2방향예고표지,127.0418451,37.16145393
UR(오산시)-[가장산업동로]-하-2,2방향표지,127.0420436,37.16280424
UR(오산시)-1[오산로]-상-3,2방향표지,127.0662742,37.16008271
UR(오산시)-[가장산업서북로]-하-4,3방향표지,127.0317879,37.16334928
UR(오산시)-[오산천로]-상-10,3방향도로명표지,127.0685261,37.15500326
UR(오산시)-[가장산업서북로]-하-8,3방향표지,127.0320074,37.16569552
UR(오산시)-[가장산업서북로]-하-11,3방향표지,127.0326002,37.16740963
UR(오산시)-[오산로]-상-21,2방향표지,127.0685017,37.15190976
UR(오산시)-[가장산업서북로]-상-9,3방향표지,127.0318922,37.16732835
UR(오산시)-[오산로]-하-26,2방향표지,127.0683789,37.14654171
UR(오산시)-[성호대로]-하-11,2방향도로명표지,127.0901041,37.14819745
UR(오산시)-[성호대로]-상-10,2방향도로명예고표지,127.0886386,37.1483655
UR(오산시)-[원동로]-하-1,관광지표지(사설 관광지표지 제외),127.0754936,37.14301423
RR-82[성호대로]-상-4,분기점표지,127.0692564,37.14884195
RR-310[가장로]-상-168,2방향도로명예고표지,127.0330229,37.16150955
RR-82[성호대로]-하-50,3방향표지,127.0637589,37.14952684
RR-310[가장로]-상-174,정류장표지,127.041371,37.15831389
NR-1[경기대로]-상-995,단일노선표지,127.0735961,37.1430871
RR-82[경기동로]-하-34,시/군계표지,127.0940328,37.15880353
UR(오산시)-[북삼미로]-하-5,2방향예고표지,127.0632819,37.18776891
NR-1[경기대로]-하-2036,미분류,127.0436562,37.19337467
UR(오산시)-[북삼미로]-하-7,3방향예고표지,127.0612044,37.19253607
NR-1[경기대로]-상-2276,2방향예고표지,127.0588039,37.17722073
UR(오산시)-하-48,2방향표지,127.0422578,37.18535178
UR(오산시)-[수목원로]-하-4,2방향표지,127.0417857,37.1853646
NR-1[경기대로]-하-2046,3방향표지,127.0603818,37.1754346
UR(오산시)-[수목원로]-하-6,2방향표지,127.0423383,37.18365929
UR(오산시)-[청학로]-하-838,3방향예고표지,127.0598883,37.17459683
UR(오산시)-[수목원로]-상-11,2방향표지,127.0426065,37.18320626
NR-1[경기대로]-상-2282,3방향표지,127.06537,37.16545479
NR-1[경기대로]-하-2051,2방향예고표지,127.066164,37.16413378
UR(오산시)-[세남로]-상-1,자동차전용도로표지(430-1),127.0360458,37.19139227
UR(오산시)-[양산로410번길]-하-3,2방향표지,127.0314329,37.19498078
UR(오산시)-[양산로]-상-3,2방향표지,127.029084,37.19606364
NR-1[경기대로]-하-2059,시/군계표지,127.0411962,37.19706907
UR(오산시)-[양산로]-상-4,2방향예고표지,127.0300013,37.1969631
NR-1[경기대로]-하-2060,약식3방향표지,127.0732036,37.1392338
UR(오산시)-상-773,3방향표지,127.0610465,37.16936087
UR(오산시)-[서부로]-하-806,2방향예고표지,127.0241129,37.19715767
UR(오산시)-[수청로]-상-6,2방향예고표지,127.0402821,37.17929491
UR(오산시)-[서부로]-상-132,2방향표지,127.0395204,37.18263715
UR(오산시)-[서부로]-상-135,2지명이정표지,127.0359317,37.19060746
UR(오산시)-[서부로]-하-820,3방향표지,127.0377399,37.18618798
UR(오산시)-[서부로]-하-821,3방향예고표지,127.0372142,37.18747432
UR(오산시)-[서부로]-상-141,3방향표지,127.038448,37.18611954
UR(오산시)-[문시로]-상-17,3방향예고표지,127.066612,37.19023225
UR(오산시)-[동부대로]-하-31,1지명방향표지,127.0780623,37.14030428
UR(오산시)-[문시로]-하-26,2방향예고표지,127.0603076,37.18942026
UR(오산시)-[성호대로]-하-9,3방향도로명표지,127.0776277,37.14858698
RR-310[남부대로]-하-103,사설표지(허가),127.086738,37.13188818
RR-310[남부대로]-하-104,사설표지(허가),127.086622,37.13177329
UR(오산시)-[지곶중앙로]-상-2,2방향도로명예고표지,127.029733,37.17997725
UR(오산시)-하-56,2방향표지,127.0398873,37.18308544
RR-82[성호대로]-하-45,3방향도로명표지,127.0682124,37.14887328
UR(오산시)-하-58,3방향표지,127.0681516,37.14652098
UR(오산시)-[오산로]-하-27,사설표지(허가),127.0685566,37.14140813
RR-317[동부대로]-하-1,3방향표지,127.0863573,37.15910902
UR(오산시)-[성호대로]-상-11,2방향도로명표지,127.0877481,37.14836977
RR-310[가장로]-하-145,3방향예고표지,127.0437525,37.15690602
UR(오산시)-[부원로]-하-3,2방향예고표지,127.0838622,37.14698561
RR-82[성호대로]-하-48,사설표지(허가),127.0620491,37.14970449
RR-310[가장로]-상-169,2방향도로명표지,127.0346756,37.16099651
RR-82[성호대로]-하-49,사설표지(허가),127.0620491,37.14970449
RR-82[감투로]-상-1,3방향표지,127.060988,37.14936017
UR(오산시)-[가장산업서북로]-하-15,2방향도로명표지,127.0316075,37.16207572
RR-310[가장로]-하-151,2방향예고표지,127.0372457,37.16031315
RR-310[가장로]-상-176,2방향표지,127.0552977,37.15360982
ER-1[경부고속도로]-상-1235,출구점표지(1지명),127.0849461,37.15154944
ER-400[봉담동탄고속도로]-하-41,2방향예고표지,127.0676564,37.18282532
UR(화성시)-[문시로]-하-22,시/군계표지,127.0684302,37.19062107
ER-1[경부고속도로]-상-1461,미분류,127.0848495,37.15122941
ER-17[평택화성고속도로]-상-83,2방향표지,126.9976856,37.17694749
ER-400[봉담동탄고속도로]-상-81,2지명방향표지,127.0018707,37.1747671
UR(화성시)-[독산성로]-상-4,읍/면/동계표지,127.0084207,37.1857133
ER-17[평택화성고속도로]-하-97,매표소표지,127.0116774,37.19238737
ER-1[경부고속도로]-상-1436,小형_휴게소(예고)표지,127.0864273,37.1374979
ER-1[경부고속도로]-상-1439,小형_휴게소(예고)표지,127.0851555,37.15203096
ER-400[봉담동탄고속도로]-하-1,매표소표지,127.0641628,37.18356277
ER-400[봉담동탄고속도로]-상-56,출구점표지(2지명),127.0607258,37.18408937
ER-400[봉담동탄고속도로]-상-65,미분류,127.0563821,37.18460088
ER-400[봉담동탄고속도로]-상-66,매표소표지,127.0556956,37.18540661
UR(평택시)-[엘지로]-상-13,3방향도로명표지,127.0794871,37.12598669
ER-400[봉담동탄고속도로]-하-50,종합휴게소1차예고표지,127.0114829,37.17091236
ER-400[봉담동탄고속도로]-하-39,나가는곳표지,127.0582755,37.18379929
ER-400[봉담동탄고속도로]-상-61,시/군계표지,127.069397,37.18261589
ER-17[평택화성고속도로]-하-96,3방향1차예고표지,127.0069901,37.18499704
ER-1[경부고속도로]-상-425,출구점예고표지(2지명)_150m예고,127.0860341,37.13862354
UR(오산시)-[대원로]-하-7,3방향도로명표지,127.0730477,37.14635905
UR(오산시)-[대원로]-상-5,2방향도로명표지,127.076069,37.1461951
UR(오산시)-1[오산로]-하-4,3방향도로명표지,127.0685025,37.14249722
UR(오산시)-10[동부대로]-하-13,2방향표지,127.0812539,37.15516502
UR(오산시)-1[오산로]-상-2,3방향도로명예고표지,127.0691233,37.13423092
UR(오산시)-1[오산로]-하-2,2방향도로명예고표지,127.0672418,37.12896291
UR(오산시)-1[오산로]-상-1,3방향도로명표지,127.068598,37.14615454
UR(오산시)-16[남부대로]-하-7,3방향도로명표지,127.068434,37.13579222
NR-1[경기대로]-하-1166,시/군계표지,127.0668237,37.12702338
ER-400[봉담동탄고속도로]-하-11,2방향표지,127.0540873,37.18905394
NR-1[경기대로]-상-1007,3방향표지,127.0730593,37.15551652
RR-82[성호대로]-하-43,3방향도로명표지,127.073185,37.14875577
UR(오산시)-6[현충로]-상-1,3방향표지,127.0757651,37.1615566
UR(오산시)-[오산로]-상-15,3방향도로명표지,127.0690479,37.13549388
UR(오산시)-[운천로]-상-38,2방향도로명표지,127.0747478,37.15326062
UR(오산시)-[내삼미로79번길]-상-1,3방향표지,127.0662288,37.16940774
NR-1[경기대로]-하-2043,2방향표지,127.0569972,37.17831726
NR-1[경기대로]-하-2045,3방향예고표지,127.0594806,37.17627236
UR(오산시)-[수목원로]-상-12,2방향표지,127.0421559,37.18333448
NR-1[경기대로]-하-2048,2방향표지,127.0633953,37.17110986
UR(오산시)-[수청로]-하-2,3방향예고표지,127.0486639,37.1787765
UR(오산시)-[수목원로]-상-18,3방향예고표지,127.0484119,37.1762931
UR(오산시)-[수목원로]-상-20,2방향예고표지,127.0521405,37.17206544
UR(오산시)-[오산천로]-하-6,3방향예고표지,127.0691092,37.15511716
UR(오산시)-[수청로]-하-4,3방향표지,127.0439351,37.17645004
UR(오산시)-[양산로]-하-17,2방향표지,127.028917,37.19575014
UR(오산시)-[양산로398번길]-하-4,2방향표지,127.0352322,37.19084638
UR(오산시)-[큰말길]-상-2,2방향예고표지,127.036214,37.18940619
UR(오산시)-[청학로]-상-771,3방향표지,127.0615775,37.1692027
UR(오산시)-[청학로]-하-840,3방향표지,127.0610947,37.16983535
UR(오산시)-[청학로]-하-841,3방향예고표지,127.060274,37.17195981
UR(오산시)-[청학로]-하-842,3방향표지,127.0607246,37.17073726
UR(오산시)-[문시로]-상-20,2방향표지,127.0501198,37.18967007
UR(오산시)-[동부대로]-하-33,미분류,127.0779781,37.14536056
RR-82[발안로]-상-212,시/군계표지,127.0358424,37.13654535
UR(오산시)-[지곶중앙로]-하-3,3방향도로명표지,127.0255508,37.17705867
UR(오산시)-[세마문학로]-상-1,2방향도로명표지,127.0263909,37.17272999
UR(오산시)-[가장산업서북로]-하-2,2방향도로명표지,127.0284305,37.17147362
RR-82[발안로]-하-201,하천표지,127.0442561,37.14064512
RR-82[발안로]-상-215,2방향표지,127.0403282,37.1403452
UR(오산시)-[서동로]-하-17,2방향예고표지,127.0391324,37.141577
UR(오산시)-[가장산업서로]-상-4,3방향표지,127.0314284,37.16301586
UR(오산시)-[오산천로]-상-11,3방향도로명표지,127.0685261,37.15500326
UR(오산시)-[가장산업서북로]-하-10,3방향표지,127.0345368,37.16544752
UR(오산시)-[오산로]-하-23,사설표지(허가),127.0684742,37.15102914
UR(오산시)-[가장산업서북로]-하-14,3방향표지,127.0322945,37.16713171
RR-310[가장로]-하-147,2방향도로명표지,127.0320796,37.16184915
UR(오산시)-[가장산업북로]-하-1,2방향표지,127.0351856,37.1612805
UR(오산시)-[법원로]-하-4,2방향표지,127.0552034,37.15405935
UR(오산시)-[북삼미로]-상-9,3방향표지,127.0631302,37.18923274
UR(오산시)-[수목원로]-하-13,2방향표지,127.0521566,37.17138576
UR(오산시)-[양산로398번길]-하-5,2방향예고표지,127.0342774,37.19197029
UR(오산시)-[서부로]-하-807,2방향표지,127.0257866,37.19665345
UR(오산시)-[서부로]-상-133,2방향표지,127.0391342,37.18375687
UR(오산시)-[서부로]-상-142,3방향예고표지,127.0389631,37.18461942
UR(오산시)-[문시로]-하-28,미분류,127.0583363,37.18949417
UR(오산시)-[독산성로]-상-17,3방향도로명표지,127.0359442,37.18487169
RR-82[경기동로]-상-220,3방향예고표지,127.0825763,37.15751802
RR-310[남부대로]-하-107,사설표지(허가),127.0870737,37.13168294
UR(오산시)-[가장산업동로]-상-7,2방향표지,127.0409923,37.16264176
UR(오산시)-[수목원로]-하-18,2방향예고표지,127.052672,37.15986095
RR-310[가장로]-하-155,2방향표지,127.0386612,37.15979335
UR(오산시)-[서부로]-상-139,2지명이정표지,127.0281992,37.19596558
UR(오산시)-상-774,2방향표지,127.0400516,37.17033541
RR-82[경기동로]-상-223,2방향표지,127.0941141,37.1587372
UR(오산시)-[부원로]-상-2,2방향도로명표지,127.0859245,37.14102065
UR(오산시)-[부원로]-상-4,2방향예고표지,127.0844577,37.14535644
UR(오산시)-[수목원로]-상-13,2방향표지,127.0431484,37.18152231
UR(오산시)-[수목원로]-상-17,3방향표지,127.0468561,37.17741725
UR(오산시)-[세남로]-상-2,2방향표지,127.0360913,37.19366907
UR(오산시)-[서부로]-상-134,2방향표지,127.0362589,37.19005622
RR-310[가장로]-하-157,미분류,127.0309795,37.16175548
UR(오산시)-[내삼미로]-하-4,3방향표지,127.0658642,37.17146104
UR(오산시)-[오산대역로]-하-2,3방향표지,127.0687879,37.17160207
UR(오산시)-[삼미로]-하-3,3방향표지,127.0660306,37.1757012
UR(오산시)-[경기대로]-상-4,3방향표지,127.0432712,37.19466049
UR(오산시)-[독산성로449번길]-하-1,3방향표지,127.0428228,37.19402589
NR-1[경기대로]-하-2037,3방향표지,127.0464423,37.19035621
UR(오산시)-[문시로]-하-24,3방향예고표지,127.0657688,37.19008738
UR(오산시)-[문시로]-하-25,3방향표지,127.0634997,37.18956598
UR(오산시)-[외삼미로]-상-1,2방향도로명표지,127.0604286,37.19383507
NR-1[경기대로]-상-2273,3방향표지,127.047052,37.18922251
NR-1[경기대로]-하-2041,읍/면/동계표지,127.0532527,37.18023218
NR-1[경기대로]-하-2054,교량표지,127.0708032,37.15837589
UR(오산시)-하-51,3방향예고표지,127.0321357,37.19924499
UR(오산시)-[양산로]-하-15,3방향표지,127.0324255,37.19786047
UR(오산시)-[독산성로]-하-19,3방향예고표지,127.0400412,37.18737609
UR(오산시)-[현충로]-하-1413,하천표지,127.0757606,37.1615286
UR(오산시)-[남부대로]-상-41,2방향표지,127.0366393,37.13699841
RR-82[발안로]-하-198,2방향표지,127.0363186,37.13739781
UR(오산시)-[지곶중앙로]-하-1,3방향도로명표지,127.0289462,37.17957636
UR(오산시)-하-55,3방향도로명표지,127.0286405,37.17955071
UR(오산시)-[지곶중앙로]-상-6,3방향도로명예고표지,127.0242313,37.17569081
UR(오산시)-[서동로]-하-16,2방향표지,127.0418436,37.155572
UR(오산시)-하-57,2방향표지,127.0411693,37.15561002
UR(오산시)-[서동로]-상-15,2방향표지,127.041208,37.15513541
UR(오산시)-[수목원로]-상-23,1방향표지,127.0546059,37.13817487
UR(오산시)-[수목원로]-상-24,3방향표지,127.0549139,37.14148043
UR(오산시)-[수목원로]-하-16,1방향표지,127.0544796,37.14024358
RR-82[발안로]-상-213,하천표지,127.0446488,37.14082301
UR(오산시)-[가장산업동로]-상-2,2방향표지,127.0417485,37.16236688
UR(오산시)-[가장산업동로]-상-4,2방향표지,127.0424835,37.16267599
UR(오산시)-[가장산업동로]-상-5,종점표지,127.0421188,37.16265889
UR(오산시)-[가장산업동로]-하-1,2방향예고표지,127.0428108,37.16281707
RR-82[성호대로]-하-47,사설표지(허가),127.0654553,37.14915093
RR-310[가장로]-상-165,미분류,127.0287474,37.16138136
RR-310[가장로]-하-146,2방향도로명예고표지,127.0333402,37.16154989
RR-310[가장로]-하-149,2방향표지,127.0355397,37.16089036
RR-310[가장로]-하-150,2방향표지,127.0545568,37.15392879
UR(오산시)-[내삼미로]-하-1,2방향표지,127.06801,37.16371351
UR(오산시)-[현충로]-상-1525,2방향표지,127.0685787,37.16354892
UR(오산시)-[내삼미로]-상-2,3방향표지,127.0670634,37.16642367
UR(오산시)-[내삼미로]-상-3,3방향표지,127.0675998,37.16641725
UR(오산시)-[내삼미로]-하-2,3방향표지,127.0670549,37.16679164
UR(오산시)-[여계산로]-하-1,2방향표지,127.0452701,37.17028825
NR-1[경기대로]-하-2058,3방향도로명표지,127.0733079,37.1429117
UR(오산시)-[여계산로]-하-3,2방향표지,127.0450186,37.17456089
UR(오산시)-[여계산로]-하-4,2방향표지,127.0446807,37.17466347
UR(오산시)-[내삼미로]-상-4,3방향표지,127.0665185,37.16930939
UR(오산시)-[내삼미로80번길]-하-2,3방향표지,127.0667009,37.16950603
UR(오산시)-[오산대역로]-상-1,2방향표지,127.0656067,37.17109343
UR(오산시)-[북삼미로]-하-9,2방향도로명표지,127.0603133,37.19405514
UR(오산시)-[문시로]-상-16,3방향예고표지,127.049298,37.18983498
UR(오산시)-[독산성로]-하-11,3방향예고표지,127.0455424,37.18965563
NR-1[경기대로]-하-2039,미분류,127.0474474,37.18542449
NR-1[경기대로]-상-2274,2방향예고표지,127.048413,37.18455072
NR-1[경기대로]-상-2275,2방향표지,127.0479705,37.18508293
NR-1[경기대로]-하-2040,2방향표지,127.0529094,37.18043736
UR(오산시)-[문헌공로]-하-2,2방향표지,127.0571707,37.17794421
UR(오산시)-[독산성로]-하-12,3방향도로명표지,127.0443688,37.18936307
UR(오산시)-[독산성로449번길]-하-2,3방향표지,127.0439987,37.18936734
UR(오산시)-[경기대로761번길]-상-2,3방향예고표지,127.0447444,37.18800832
UR(오산시)-[독산성로]-상-12,3방향도로명표지,127.0439236,37.18908953
UR(오산시)-[독산성로]-하-14,2방향표지,127.0420032,37.18863223
UR(오산시)-[세마역로]-상-1,2방향표지,127.0419603,37.18817493
UR(오산시)-[독산성로]-상-13,2방향표지,127.0415258,37.18821339
UR(오산시)-[독산성로]-하-16,2방향표지,127.0404338,37.18761262
UR(오산시)-[독산성로]-하-17,2방향예고표지,127.0415067,37.1883434
UR(오산시)-[독산성로]-상-15,2방향예고표지,127.0390015,37.186604
UR(오산시)-[삼미로]-상-2,3방향표지,127.0610899,37.17549441
UR(오산시)-[수목원로]-하-7,2방향표지,127.0427943,37.18182148
UR(오산시)-[수목원로]-하-8,2방향예고표지,127.0424456,37.18291988
NR-1[경기대로]-상-2278,3방향표지,127.0611142,37.17504341
UR(오산시)-[수목원로]-상-14,2방향표지,127.0427568,37.18156077
UR(오산시)-[수목원로]-상-15,2방향표지,127.0437761,37.18056918
UR(오산시)-[수목원로]-상-16,2방향예고표지,127.0447639,37.17946038
NR-1[경기대로]-상-2280,2방향표지,127.0638017,37.17058131
NR-1[경기대로]-상-2283,3방향예고표지,127.0663839,37.16414878
NR-1[경기대로]-하-2052,2방향표지,127.0671511,37.16291111
UR(오산시)-[오산대역로]-하-3,3방향표지,127.0527306,37.16988965
UR(오산시)-[오산대역로]-상-3,3방향예고표지,127.0496489,37.1697485
NR-1[경기대로]-하-2055,사설표지(허가),127.0735834,37.15262162
NR-1[경기대로]-하-2056,3방향예고표지,127.0735785,37.15193916
NR-1[경기대로]-하-2057,3방향도로명표지,127.0734874,37.14905299
NR-1[경기대로]-상-2288,3방향도로명표지,127.0737234,37.14853989
RR-82[성호대로]-하-44,3방향예고표지,127.0720498,37.148728
UR(오산시)-[수청로]-하-6,3방향예고표지,127.0522868,37.17769963
UR(오산시)-[수청로]-상-2,3방향표지,127.0542127,37.17564369
UR(오산시)-[문헌공로]-상-1,3방향표지,127.0536763,37.17566506
UR(오산시)-[문헌공로]-상-2,3방향예고표지,127.0521689,37.17482299
UR(오산시)-[오산대역로]-하-7,3방향표지,127.0591037,37.1701923
UR(오산시)-[오산대역로]-하-8,3방향표지,127.0585511,37.17001277
UR(오산시)-[양산로410번길]-하-1,2방향예고표지,127.0330497,37.19414438
UR(오산시)-[세남로]-하-4,3방향표지,127.0361182,37.19146925
UR(오산시)-[양산로410번길]-하-2,2방향표지,127.0358677,37.19380011
UR(오산시)-[양산로]-하-16,3방향예고표지,127.0305319,37.19733058
UR(오산시)-[양산로]-상-1,3방향표지,127.0332785,37.19789887
UR(오산시)-상-772,3방향표지,127.0328548,37.19768519
UR(오산시)-하-52,2방향표지,127.0318617,37.19503627
UR(오산시)-[세남로]-하-8,2방향표지,127.0336535,37.19357696
UR(오산시)-[서부로]-하-809,터널표지,127.0396965,37.18042829
UR(오산시)-[서부로]-하-812,2방향표지,127.0412308,37.17202081
UR(오산시)-[서부로]-하-814,2방향예고표지,127.0414455,37.16533513
UR(오산시)-[서부로]-하-815,2지명이정표지,127.0414455,37.16420652
UR(오산시)-[서부로]-하-816,유도표지,127.0415635,37.16352252
UR(오산시)-[서부로]-하-817,2방향표지,127.0414778,37.16297572
UR(오산시)-[서부로]-상-127,2지명이정표지,127.0417731,37.163944
UR(오산시)-[서부로]-상-128,3방향표지,127.0418536,37.16552993
UR(오산시)-10[동부대로]-하-1,시/군계표지,127.0794071,37.12619289
UR(오산시)-[서부로]-상-129,2방향표지,127.0419288,37.16965931
UR(오산시)-[현충로]-상-1526,하천표지,127.0770588,37.16080403
UR(오산시)-[동부대로]-하-32,미분류,127.0779352,37.14577106
UR(오산시)-2[원동로]-상-4,3방향표지,127.0774665,37.14287876
UR(오산시)-10[동부대로]-하-11,3방향표지,127.0779558,37.14671345
UR(오산시)-10[동부대로]-상-9,3방향표지,127.0781812,37.14837414
UR(오산시)-10[동부대로]-상-10,3방향예고표지,127.0782499,37.14692376
UR(오산시)-[동부대로]-상-26,2방향표지,127.0797586,37.15170918
UR(오산시)-[독산성로]-하-21,2방향도로명예고표지,127.0336328,37.18329183
UR(오산시)-[독산성로]-상-20,2방향도로명표지,127.031656,37.18153522
RR-310[남부대로]-하-102,3방향표지,127.088453,37.13052109
RR-310[남부대로]-하-106,2방향예고표지,127.0821341,37.13493562
UR(오산시)-[독산성로232번길]-상-1,2방향도로명표지,127.0247925,37.17737424
UR(오산시)-[수목원로]-하-15,2방향표지,127.0539593,37.13476048
UR(오산시)-[남부대로]-하-20,3방향예고표지,127.0441021,37.13409039
UR(오산시)-[서부로]-상-143,2방향표지,127.0421271,37.13353344
UR(오산시)-[지곶중앙로]-상-4,3방향도로명예고표지,127.026822,37.17794786
UR(오산시)-[독산성로232번길]-하-1,3방향도로명표지,127.0252665,37.17704154
UR(오산시)-[지곶중앙로]-하-6,3방향도로명표지,127.0235099,37.17519285
UR(오산시)-[세마문학로]-상-2,2방향도로명표지,127.0267541,37.1693791
UR(오산시)-[가장산업서북로]-상-1,2방향표지,127.0286692,37.17217034
UR(오산시)-[가장산업서북로]-하-3,2방향도로명표지,127.0288358,37.17121263
UR(오산시)-[가장산업서북로]-상-2,2방향도로명표지,127.0284281,37.17101386
UR(오산시)-[가장산업서북로]-상-4,2방향예고표지,127.0323979,37.16859005
UR(오산시)-[독산성로]-하-23,3방향도로명표지,127.036073,37.18511782
UR(오산시)-상-775,2방향표지,127.0432131,37.18576523
UR(오산시)-[오산대역로]-하-10,2방향표지,127.0428136,37.17035243
UR(오산시)-[서부로]-하-822,2방향표지,127.0366823,37.18880774
UR(오산시)-[서동로]-하-18,하천표지,127.0387283,37.1436327
UR(오산시)-[가장산업동로]-상-6,2방향예고표지,127.0395492,37.16265459
UR(오산시)-[가장산업동로]-하-3,3방향표지,127.0358412,37.16281317
UR(오산시)-[가장산업서로]-상-1,3방향표지,127.0351948,37.16271699
UR(오산시)-[가장산업서로]-하-1,3방향표지,127.0345325,37.16290357
UR(오산시)-[가장산업서로]-하-2,3방향표지,127.0342696,37.16309381
UR(오산시)-[가장산업서로]-상-3,3방향표지,127.0340255,37.16283517
UR(오산시)-[가장산업서로]-하-3,3방향표지,127.0320905,37.16310167
UR(오산시)-[가장산업서북로]-상-5,3방향표지,127.0318679,37.16278746
UR(오산시)-[오산로]-하-20,2방향표지,127.0662742,37.16008271
UR(오산시)-[가장산업서로]-상-7,3방향표지,127.0345582,37.16510125
UR(오산시)-[가장산업서북로]-하-12,3방향표지,127.0321979,37.16761054
UR(오산시)-[가장산업서북로]-하-13,3방향예고표지,127.0322677,37.16879888
UR(오산시)-[오산로]-하-24,사설표지(허가),127.0684742,37.15102914
RR-82[성호대로]-하-46,3방향예고표지,127.0649756,37.14919305
RR-82[경기동로]-상-224,2방향표지,127.091271,37.15861746
UR(오산시)-[경기동로186번길]-상-1,2방향표지,127.0924297,37.15813008
RR-82[경기동로]-하-196,3방향표지,127.0867704,37.15888244
UR(오산시)-[오산천로]-하-7,2방향표지,127.0674965,37.15422641
UR(오산시)-[오산천로]-하-9,하천표지,127.063689,37.1503358
UR(오산시)-[오산천로]-하-11,사설표지(허가),127.0632762,37.14078511
UR(오산시)-[오산천로]-상-13,사설표지(허가),127.0632762,37.14078511
UR(오산시)-[서부로]-하-824,3방향예고표지,127.0416722,37.15982169
UR(오산시)-[성호대로]-하-14,3방향도로명예고표지,127.0824939,37.14839304
UR(오산시)-[부원로]-하-1,2방향도로명표지,127.0858201,37.14183319
UR(오산시)-[부원로]-상-3,2방향도로명표지,127.0860694,37.14149315
RR-310[가장로]-상-166,2방향도로명예고표지,127.0299115,37.16139843
RR-310[가장로]-상-171,3방향표지,127.0533552,37.15521996
RR-310[가장로]-하-152,3방향표지,127.0522394,37.15577576
RR-310[가장로]-하-153,3방향예고표지,127.0504714,37.15614839
RR-310[가장로]-상-172,2방향예고표지,127.0461155,37.15639633
UR(오산시)-[서동로]-상-16,2방향표지,127.0441359,37.15640105
RR-82[공사중도로(20191017)]-상-1,3방향예고표지,127.0580154,37.14780759
UR(오산시)-[내삼미로]-상-1,2방향표지,127.0681441,37.16320264
UR(오산시)-[문시로]-상-13,3방향예고표지,127.0597951,37.18935006
NR-1[경기대로]-상-2272,미분류,127.0474736,37.18658414
NR-1[경기대로]-하-2042,2방향예고표지,127.054669,37.1795141
UR(오산시)-[문헌공로]-하-1,2방향예고표지,127.0560855,37.17698013
NR-1[경기대로]-상-2279,3방향예고표지,127.0621747,37.17397174
UR(오산시)-[수청로]-하-1,3방향표지,127.0468346,37.17769086
NR-1[경기대로]-하-2050,3방향표지,127.0649264,37.16575396
UR(오산시)-[내삼미로]-상-7,2방향표지,127.0676689,37.16297283
UR(오산시)-[수목원로]-상-19,2방향표지,127.0509227,37.17381799
NR-1[경기대로]-하-2053,2방향표지,127.0682416,37.16155245
UR(오산시)-[수목원로]-상-21,2방향표지,127.0523658,37.1709925
UR(오산시)-[세남로14번길]-하-9,2방향표지,127.0414231,37.18927944
UR(오산시)-[양산로]-하-14,2방향예고표지,127.034873,37.1978409
UR(오산시)-[세남로]-상-3,2방향표지,127.0364565,37.19771543
UR(오산시)-[세남로]-상-5,2방향예고표지,127.0362607,37.19650612
UR(오산시)-[양산로410번길]-상-1,2방향표지,127.0319961,37.19472011
UR(오산시)-[양산로410번길]-하-4,2방향예고표지,127.0342599,37.19386543
NR-1[경기대로]-상-2290,단일노선표지,127.0732812,37.13687129
NR-1[경기대로]-하-2062,2방향예고표지,127.0726042,37.13466798
NR-1[경기대로]-하-2063,2방향표지,127.072115,37.13196935
NR-1[경기대로]-하-2066,미분류,127.0707326,37.12897887
UR(오산시)-[독산성로449번길]-하-3,3방향예고표지,127.0425754,37.19258165
UR(오산시)-[큰말길]-상-1,2방향표지,127.0355595,37.19048311
UR(오산시)-[수청로]-상-4,2방향표지,127.0596728,37.1731179
UR(오산시)-[오산대역로]-상-6,3방향표지,127.060612,37.17033976
UR(오산시)-[서부로]-상-124,단일노선표지,127.0416254,37.12918902
UR(오산시)-[동부대로]-상-25,단일노선표지,127.0783022,37.13287729
RR-82[경기동로]-상-219,3방향예고표지,127.0820681,37.15648259
RR-310[남부대로]-상-123,3방향표지,127.0817905,37.13560773
UR(오산시)-[지곶중앙로]-상-1,2방향도로명표지,127.0317983,37.18133641
UR(오산시)-[남부대로]-상-39,3방향표지,127.0817236,37.13615115
UR(오산시)-[독산성로]-하-22,2방향도로명표지,127.0247603,37.17758795
UR(오산시)-[남부대로]-하-21,2방향표지,127.0435676,37.13431834
UR(오산시)-[남부대로]-하-22,2방향표지,127.0408727,37.13475956
UR(오산시)-[남부대로]-하-23,미분류,127.0399395,37.13513232
UR(오산시)-[세마문학로]-하-1,2방향도로명표지,127.0263142,37.16972108
UR(오산시)-[오산대역로]-상-7,미분류,127.0592476,37.17005961
UR(오산시)-[궐리사로]-상-1,2방향표지,127.0640692,37.15824109
UR(오산시)-[궐리사로]-상-2,2방향예고표지,127.0612583,37.15834366
UR(오산시)-[청학로]-상-773,미분류,127.064638,37.15803365
RR-82[발안로]-하-199,2방향표지,127.0395806,37.14026092
UR(오산시)-[궐리사로]-상-3,사설표지(허가),127.059381,37.15908096
UR(오산시)-[가장산업서로]-상-6,3방향표지,127.0296556,37.16546484
UR(오산시)-[오산로]-상-20,3방향도로명표지,127.068311,37.15464196
UR(오산시)-[가장산업서북로]-상-7,3방향표지,127.031766,37.16540697
UR(오산시)-[가장산업서북로]-하-9,3방향표지,127.0347513,37.16529362
UR(오산시)-[오산천로]-상-12,하천표지,127.0684275,37.15495315
RR-82[성호대로]-상-3,3방향도로명표지,127.0687982,37.14904004
UR(오산시)-[오산로]-하-29,사설표지(허가),127.0686049,37.15106602
UR(오산시)-[오산로]-상-22,사설표지(허가),127.0686049,37.15106602
UR(오산시)-[부산중앙로]-상-1,3방향도로명표지,127.091099,37.15027992
UR(오산시)-[부산중앙로]-하-2,2방향도로명예고표지,127.0905063,37.14901853
UR(오산시)-[부산중앙로]-하-3,2방향도로명표지,127.0903535,37.14836644
RR-310[가장로]-하-156,2방향예고표지,127.040292,37.15901526
RR-310[가장로]-상-175,정류장표지,127.0391387,37.15937435
UR(오산시)-[내삼미로]-하-3,3방향표지,127.0662664,37.16961289
UR(오산시)-[삼미로]-상-1,2방향표지,127.0621228,37.17591476
UR(오산시)-[북삼미로]-하-4,2방향예고표지,127.0617741,37.17883384
NR-1[경기대로]-하-2034,3방향표지,127.0427424,37.19438596
UR(오산시)-[북삼미로]-하-6,2방향표지,127.0632391,37.18685859
NR-1[경기대로]-하-2035,3방향예고표지,127.0420103,37.19562723
UR(오산시)-[금곡로]-하-1,3방향표지,127.0758816,37.16187577
NR-1[경기대로761번길]-하-1,2방향표지,127.0472811,37.1860164
UR(오산시)-[독산성로]-하-15,2방향예고표지,127.0433443,37.18907668
UR(오산시)-[수목원로]-하-5,2방향예고표지,127.0408523,37.18656978
UR(오산시)-[수목원로]-상-9,2방향표지,127.0421988,37.18498423
UR(오산시)-[수목원로]-상-10,2방향표지,127.0424563,37.18415081
UR(오산시)-[청학로]-하-839,3방향표지,127.0605749,37.17497298
NR-1[경기대로]-하-2047,2방향표지,127.0630412,37.17210155
NR-1[오산대역로]-상-1,2방향표지,127.0639854,37.17102434
UR(오산시)-[오산로]-하-19,3방향표지,127.0650213,37.16541632
UR(오산시)-[오산로]-하-18,3방향예고표지,127.0647933,37.16370211
NR-1[경기대로]-상-2285,2방향예고표지,127.0686171,37.16144129
NR-1[경기대로]-상-2286,관광지표지(사설 관광지표지 제외),127.0683516,37.16177472
UR(오산시)-[오산천로]-하-5,3방향도로명표지,127.071667,37.15554554
UR(오산시)-[문헌공로]-하-4,3방향표지,127.0541962,37.17616546
UR(오산시)-[문헌공로]-하-5,3방향예고표지,127.0559185,37.17707563
UR(오산시)-[수청로]-상-3,3방향표지,127.0589535,37.16985888
UR(오산시)-[세남로]-하-1,3방향표지,127.0360294,37.19192452
UR(오산시)-[세남로]-하-2,3방향예고표지,127.0360349,37.19282189
UR(오산시)-[세남로]-하-3,3방향표지,127.0358257,37.19170011
UR(오산시)-[세남로14번길]-상-3,3방향표지,127.0364239,37.19164873
UR(오산시)-[오산대역로]-상-4,2방향표지,127.0448787,37.16997608
UR(오산시)-[오산대역로]-상-5,2방향예고표지,127.0430763,37.17015131
UR(오산시)-[여계산로]-상-1,2방향표지,127.0448631,37.17435999
UR(오산시)-[수청로]-하-3,3방향표지,127.0444393,37.17662962
UR(오산시)-하-49,3방향표지,127.0441711,37.17672792
NR-1[경기대로]-상-2289,단일노선표지,127.0735904,37.14180501
UR(오산시)-[양산로]-상-2,3방향예고표지,127.0351078,37.19788605
NR-1[경기대로]-하-2061,관광지표지(사설 관광지표지 제외),127.0730193,37.13679248
NR-1[경기대로]-하-2064,미분류,127.0719037,37.13081031
UR(오산시)-[청학로]-상-772,3방향표지,127.0610089,37.17022862
UR(오산시)-[서부로]-하-810,2지명이정표지,127.0399754,37.17898363
UR(오산시)-[서부로]-하-811,3방향표지,127.0402545,37.17743918
UR(오산시)-[서부로]-하-813,터널표지,127.0414669,37.17096924
UR(오산시)-[서부로]-상-123,시/군계표지,127.0415557,37.12866513
UR(오산시)-[서부로]-상-125,단일노선표지,127.0420091,37.13238589
UR(오산시)-[서부로]-상-126,터널표지,127.0417355,37.1630356
UR(오산시)-[서부로]-상-130,터널표지,127.0419127,37.17093311
UR(오산시)-[서부로]-상-138,2방향표지,127.0304817,37.19476099
UR(오산시)-[서부로]-하-819,2방향예고표지,127.0409153,37.17145107
UR(오산시)-[문시로]-하-27,2방향표지,127.0579259,37.18950061
UR(오산시)-하-54,3방향예고표지,127.0834787,37.16025466
UR(오산시)-[독산성로]-상-18,3방향도로명예고표지,127.0339136,37.18339287
UR(오산시)-[지곶중앙로]-하-2,3방향도로명예고표지,127.030695,37.18074317
UR(오산시)-[지곶중앙로]-상-3,3방향도로명표지,127.0286941,37.17926862
UR(오산시)-[배무니로]-하-1,2방향도로명표지,127.0266591,37.17298859
UR(오산시)-[가장산업서북로]-상-3,2방향표지,127.0319955,37.17080865
UR(오산시)-[청학로]-하-843,미분류,127.064638,37.15803365
UR(오산시)-[수목원로]-하-17,1방향표지,127.054136,37.13652094
UR(오산시)-[가장산업북로]-상-1,3방향표지,127.0355408,37.16249682
UR(오산시)-[가장산업서북로]-상-6,3방향표지,127.0321146,37.16523383
UR(오산시)-[오산로]-하-22,2방향표지,127.0685017,37.15190976
UR(오산시)-[가장산업서북로]-상-8,3방향표지,127.0343007,37.16526797
UR(오산시)-[경기동로186번길]-상-2,2방향표지,127.0923332,37.15877992
UR(오산시)-[부산중앙로]-하-1,3방향도로명표지,127.0910714,37.15077224
UR(오산시)-[오산천로]-하-8,분기점표지,127.0649816,37.15212081
UR(오산시)-[오산천로]-하-10,분기점표지,127.0636434,37.15024387
UR(오산시)-[성호대로]-하-10,2방향도로명예고표지,127.0893531,37.14820603
UR(오산시)-[성호대로]-하-12,2방향도로명표지,127.0872653,37.14826285
UR(오산시)-[성호대로]-하-13,2방향도로명예고표지,127.0863534,37.14827992
UR(오산시)-[성호대로]-상-13,3방향도로명표지,127.084307,37.14847438
RR-310[가장로]-하-144,3방향표지,127.0428084,37.15746181
UR(오산시)-[부원로]-상-1,3방향도로명표지,127.0841059,37.1481579
RR-82[성호대로]-하-47,사설표지(허가),127.0654553,37.14915093
RR-310[가장로]-상-167,2방향도로명표지,127.0312902,37.16165921
RR-310[가장로]-하-154,2방향표지,127.0436639,37.15680291
UR(오산시)-[청학로]-하-844,3방향예고표지,127.0626467,37.15230595
UR(오산시)-[청학로]-하-845,3방향표지,127.0616535,37.15032927
UR(오산시)-[삼미로]-하-1,3방향표지,127.0691097,37.17199105
UR(오산시)-[삼미로]-하-2,3방향표지,127.0652635,37.17564564
UR(오산시)-[삼미로]-하-4,2방향표지,127.0627076,37.17614127
NR-1[경기대로]-상-2271,3방향예고표지,127.0439934,37.19351894
UR(오산시)-[문시로]-상-14,3방향표지,127.062649,37.18937571
UR(오산시)-[북삼미로]-하-8,3방향표지,127.06279,37.18992443
NR-1[경기대로]-상-2277,2방향표지,127.0576072,37.17818739
UR(오산시)-[수목원로]-상-8,2방향표지,127.0404446,37.18720659
UR(오산시)-[독산성로]-상-14,2방향표지,127.0399349,37.18718095
NR-1[경기대로]-상-2281,2방향예고표지,127.064011,37.16961525
NR-1[경기대로]-하-2049,3방향예고표지,127.0644294,37.16681528
UR(오산시)-[수목원로]-하-9,3방향표지,127.0463358,37.17763524
UR(오산시)-[수목원로]-하-10,3방향예고표지,127.0446996,37.17926796
UR(오산시)-[수청로]-상-1,3방향표지,127.0463627,37.17729749
UR(오산시)-[수목원로]-하-11,2방향표지,127.0503056,37.17424989
NR-1[경기대로]-상-2284,2방향표지,127.0677172,37.16254536
UR(오산시)-[수목원로]-하-12,2방향예고표지,127.0486053,37.17589963
UR(오산시)-[오산대역로]-하-4,3방향예고표지,127.0553109,37.17000504
UR(오산시)-[수목원로]-하-14,3방향표지,127.0522533,37.17012469
UR(오산시)-[오산대역로]-상-2,3방향표지,127.0518912,37.16974853
UR(오산시)-[오산대역로]-하-5,3방향표지,127.045572,37.17006045
UR(오산시)-[세남로]-하-5,2방향표지,127.0360447,37.19394757
UR(오산시)-[양산로]-하-18,2방향표지,127.0280343,37.19540587
UR(오산시)-[양산로398번길]-하-1,2방향표지,127.0289785,37.19503401
UR(오산시)-[양산로398번길]-상-1,2방향예고표지,127.0303089,37.19445286
UR(오산시)-[양산로398번길]-하-2,2방향표지,127.0303291,37.19435483
UR(오산시)-[양산로398번길]-하-3,2방향표지,127.0353556,37.19063699
UR(오산시)-[수청로]-상-5,2방향표지,127.0406199,37.17786317
UR(오산시)-[독산성로]-하-18,3방향표지,127.0385177,37.18648717
UR(오산시)-[문시로]-상-19,관광지표지(사설 관광지표지 제외),127.0513268,37.18961882
UR(오산시)-[문시로]-상-21,미분류,127.0498945,37.18968716
UR(오산시)-10[동부대로]-상-6,미분류,127.0782989,37.14533677
RR-82[경기동로]-상-221,3방향표지,127.0830022,37.15828754
RR-310[남부대로]-상-122,시/군계표지,127.0925186,37.12962478
RR-310[남부대로]-하-105,사설표지(허가),127.0825737,37.13449922
RR-310[남부대로]-하-108,3방향표지,127.0810542,37.13576794
UR(오산시)-[독산성로]-상-21,2방향도로명표지,127.0244813,37.17737424
UR(오산시)-[남부대로]-상-40,미분류,127.0664462,37.135946
UR(오산시)-[남부대로]-하-19,2방향표지,127.0547336,37.13427892
UR(오산시)-[남부대로]-하-24,2방향표지,127.0531769,37.13408085
UR(오산시)-[지곶중앙로]-하-4,3방향도로명예고표지,127.026951,37.17815283
UR(오산시)-[지곶중앙로]-하-5,3방향도로명예고표지,127.0249797,37.17653928
UR(오산시)-[청학로]-상-774,사설표지(허가),127.0647292,37.15716997
UR(오산시)-[궐리사로]-하-1,사설표지(허가),127.059381,37.15908096
RR-82[발안로]-하-202,사설표지(허가),127.0470281,37.14130562
UR(오산시)-[가장산업동로]-상-1,2방향표지,127.0421213,37.15983607
UR(오산시)-[가장산업서로]-상-2,3방향표지,127.0343018,37.1626941
UR(오산시)-[가장산업서로]-하-4,2방향표지,127.0296207,37.1632552
UR(오산시)-[가장산업서로]-하-5,2방향표지,127.0293524,37.1635117
UR(오산시)-[오산로]-상-19,2방향예고표지,127.0663845,37.15983234
UR(오산시)-[가장산업서로]-상-5,2방향표지,127.0290359,37.16324238
UR(오산시)-[가장산업서북로]-하-5,3방향표지,127.0299318,37.16564014
UR(오산시)-[가장산업서북로]-하-6,3방향표지,127.0296368,37.16586243
UR(오산시)-[가장산업서북로]-하-7,3방향표지,127.0323668,37.16550315
UR(오산시)-[오산로]-하-21,하천표지,127.0678796,37.15561
UR(오산시)-[오산로]-하-25,3방향도로명표지,127.0684098,37.14921876
UR(오산시)-[대원로]-상-2111,3방향도로명표지,127.0692841,37.14650556
ER-1-하-1,분기점표지,127.0718789,37.14876908
UR(오산시)-[오산로]-하-28,3방향표지,127.0686918,37.13905072
RR-82[경기동로]-상-225,3방향표지,127.0859389,37.15873708
UR(오산시)-하-59,2방향도로명표지,127.0875363,37.14849582
UR(오산시)-[성호대로]-상-12,3방향도로명예고표지,127.0849641,37.14845731
UR(오산시)-[서부로]-하-823,3방향표지,127.0420477,37.1581672
UR(오산시)-[성호대로]-하-15,3방향도로명표지,127.083945,37.14833746
RR-310[가장로]-상-162,3방향표지,127.0416133,37.15801323
RR-310[가장로]-상-163,3방향예고표지,127.040063,37.15890676
UR(오산시)-[부원로]-하-2,2방향표지,127.0846239,37.14453978
RR-310[가장로]-상-170,2방향예고표지,127.0358398,37.16057748
RR-82[성호대로]-하-51,사설표지(허가),127.0643088,37.14926599
RR-82[성호대로]-하-52,하천표지,127.0622435,37.14948189
UR(오산시)-[법원로]-하-5,2방향예고표지,127.05633,37.15559852
