시군명,구/읍면동명,사고년도,사고유형구분,다발지역FID,다발지역ID,법정동코드,위치코드,시도시군구명,사고지역위치명,발생건수,사상자수,사망자수,중상자수,경상자수,부상자수,위도,경도,사고다발지역폴리곤정보
안산시,상록구,2018,스쿨존내어린이사고다발지,6503363,2019034,4127110400,41271001,경기도 안산시 상록구1,경기도 안산시 상록구 본오동(본오초교 부근),3,3,0,0,3,0,37.294094485973,126.868859590199,"{""type"":""Polygon"",""coordinates"":[[[126.87155454,37.29409449],[126.87150275,37.29367623],[126.8713494,37.29327404],[126.87110036,37.29290337],[126.8707652,37.29257849],[126.87035682,37.29231186],[126.8698909,37.29211373],[126.86938535,37.29199173],[126.86885959,37.29195053],[126.86833383,37.29199173],[126.86782828,37.29211373],[126.86736236,37.29231186],[126.86695398,37.29257849],[126.86661882,37.29290337],[126.86636978,37.29327404],[126.86621643,37.29367623],[126.86616464,37.29409449],[126.86621643,37.29451274],[126.86636978,37.29491493],[126.86661882,37.29528558],[126.86695398,37.29561046],[126.86736236,37.29587707],[126.86782828,37.29607519],[126.86833383,37.29619719],[126.86885959,37.29623838],[126.86938535,37.29619719],[126.8698909,37.29607519],[126.87035682,37.29587707],[126.8707652,37.29561046],[126.87110036,37.29528558],[126.8713494,37.29491493],[126.87150275,37.29451274],[126.87155454,37.29409449]]]}"
안산시,단원구,2018,스쿨존내어린이사고다발지,6503364,2019034,4127310900,41273002,경기도 안산시 단원구2,경기도 안산시 단원구 선부동(안산화정초교 부근),1,1,1,0,0,0,37.345731130588,126.817302691167,"{""type"":""Polygon"",""coordinates"":[[[126.81999764,37.34573113],[126.81994585,37.34531316],[126.8197925,37.34491124],[126.81954346,37.34454084],[126.81920831,37.34421617],[126.81879992,37.34394972],[126.818334,37.34375174],[126.81782845,37.34362981],[126.81730269,37.34358865],[126.81677693,37.34362981],[126.81627138,37.34375174],[126.81580546,37.34394972],[126.81539708,37.34421617],[126.81506193,37.34454084],[126.81481289,37.34491124],[126.81465953,37.34531316],[126.81460775,37.34573113],[126.81465953,37.3461491],[126.81481289,37.34655101],[126.81506193,37.3469214],[126.81539708,37.34724606],[126.81580546,37.34751249],[126.81627138,37.34771047],[126.81677693,37.34783239],[126.81730269,37.34787355],[126.81782845,37.34783239],[126.818334,37.34771047],[126.81879992,37.34751249],[126.81920831,37.34724606],[126.81954346,37.3469214],[126.8197925,37.34655101],[126.81994585,37.3461491],[126.81999764,37.34573113]]]}"
화성시,병점동,2018,스쿨존내어린이사고다발지,6503361,2019034,4159011700,41590001,경기도 화성시1,경기도 화성시 병점동(태안초교 부근),2,2,0,1,1,0,37.210868524963,127.042759000429,"{""type"":""Polygon"",""coordinates"":[[[127.04545395,37.21086852],[127.04540216,37.2104498],[127.04524881,37.21004717],[127.04499977,37.2096761],[127.04466461,37.20935085],[127.04425623,37.20908392],[127.04379031,37.20888558],[127.04328476,37.20876344],[127.042759,37.2087222],[127.04223324,37.20876344],[127.04172769,37.20888558],[127.04126177,37.20908392],[127.04085339,37.20935085],[127.04051823,37.2096761],[127.0402692,37.21004717],[127.04011584,37.2104498],[127.04006405,37.21086852],[127.04011584,37.21128725],[127.0402692,37.21168987],[127.04051823,37.21206093],[127.04085339,37.21238617],[127.04126177,37.21265308],[127.04172769,37.21285142],[127.04223324,37.21297355],[127.042759,37.21301479],[127.04328476,37.21297355],[127.04379031,37.21285142],[127.04425623,37.21265308],[127.04466461,37.21238617],[127.04499977,37.21206093],[127.04524881,37.21168987],[127.04540216,37.21128725],[127.04545395,37.21086852]]]}"
용인시,처인구,2018,스쿨존내어린이사고다발지,6503385,2019034,4146110100,41461001,경기도 용인시 처인구1,경기도 용인시 처인구 김량장동(역북초교 부근),2,2,0,1,1,0,37.234858754429,127.191809999533,"{""type"":""Polygon"",""coordinates"":[[[127.19450495,37.23485875],[127.19445316,37.23444016],[127.1942998,37.23403766],[127.19405077,37.23366671],[127.19371561,37.23334156],[127.19330723,37.23307472],[127.19284131,37.23287644],[127.19233576,37.23275434],[127.19181,37.23271311],[127.19128424,37.23275434],[127.19077869,37.23287644],[127.19031277,37.23307472],[127.18990439,37.23334156],[127.18956923,37.23366671],[127.18932019,37.23403766],[127.18916684,37.23444016],[127.18911505,37.23485875],[127.18916684,37.23527734],[127.18932019,37.23567984],[127.18956923,37.23605078],[127.18990439,37.23637592],[127.19031277,37.23664275],[127.19077869,37.23684102],[127.19128424,37.23696311],[127.19181,37.23700434],[127.19233576,37.23696311],[127.19284131,37.23684102],[127.19330723,37.23664275],[127.19371561,37.23637592],[127.19405077,37.23605078],[127.1942998,37.23567984],[127.19445316,37.23527734],[127.19450495,37.23485875]]]}"
안산시,상록구,2018,스쿨존내어린이사고다발지,6503353,2019034,4127111300,41271004,경기도 안산시 상록구4,경기도 안산시 상록구 수암동(안산초교 부근),2,2,0,0,2,0,37.363927634254,126.877497742128,"{""type"":""Polygon"",""coordinates"":[[[126.88019269,37.36392763],[126.88014091,37.36350976],[126.87998755,37.36310795],[126.87973851,37.36273763],[126.87940336,37.36241304],[126.87899497,37.36214666],[126.87852905,37.36194872],[126.8780235,37.36182683],[126.87749774,37.36178567],[126.87697198,37.36182683],[126.87646643,37.36194872],[126.87600051,37.36214666],[126.87559213,37.36241304],[126.87525698,37.36273763],[126.87500794,37.36310795],[126.87485458,37.36350976],[126.8748028,37.36392763],[126.87485458,37.3643455],[126.87500794,37.36474731],[126.87525698,37.36511762],[126.87559213,37.3654422],[126.87600051,37.36570857],[126.87646643,37.3659065],[126.87697198,37.36602838],[126.87749774,37.36606954],[126.8780235,37.36602838],[126.87852905,37.3659065],[126.87899497,37.36570857],[126.87940336,37.3654422],[126.87973851,37.36511762],[126.87998755,37.36474731],[126.88014091,37.3643455],[126.88019269,37.36392763]]]}"
안산시,상록구,2018,스쿨존내어린이사고다발지,6503362,2019034,4127110400,41271003,경기도 안산시 상록구3,경기도 안산시 상록구 본오동(이호초교 부근),2,2,0,1,1,0,37.286628549969,126.861179324168,"{""type"":""Polygon"",""coordinates"":[[[126.86387427,37.28662855],[126.86382249,37.28621025],[126.86366913,37.28580802],[126.86342009,37.28543732],[126.86308494,37.2851124],[126.86267656,37.28484574],[126.86221064,37.2846476],[126.86170508,37.28452558],[126.86117932,37.28448438],[126.86065357,37.28452558],[126.86014801,37.2846476],[126.85968209,37.28484574],[126.85927371,37.2851124],[126.85893856,37.28543732],[126.85868952,37.28580802],[126.85853616,37.28621025],[126.85848438,37.28662855],[126.85853616,37.28704685],[126.85868952,37.28744907],[126.85893856,37.28781976],[126.85927371,37.28814467],[126.85968209,37.28841132],[126.86014801,37.28860945],[126.86065357,37.28873146],[126.86117932,37.28877266],[126.86170508,37.28873146],[126.86221064,37.28860945],[126.86267656,37.28841132],[126.86308494,37.28814467],[126.86342009,37.28781976],[126.86366913,37.28744907],[126.86382249,37.28704685],[126.86387427,37.28662855]]]}"
안산시,상록구,2018,스쿨존내어린이사고다발지,6503348,2019034,4127110300,41271002,경기도 안산시 상록구2,경기도 안산시 상록구 사동(초당초교 부근),2,2,0,2,0,0,37.284734397875,126.851008602466,"{""type"":""Polygon"",""coordinates"":[[[126.85370355,37.2847344],[126.85365177,37.28431609],[126.85349841,37.28391385],[126.85324937,37.28354314],[126.85291422,37.28321821],[126.85250583,37.28295155],[126.85203991,37.2827534],[126.85153436,37.28263138],[126.8510086,37.28259017],[126.85048284,37.28263138],[126.84997729,37.2827534],[126.84951137,37.28295155],[126.84910299,37.28321821],[126.84876784,37.28354314],[126.8485188,37.28391385],[126.84836544,37.28431609],[126.84831366,37.2847344],[126.84836544,37.28515271],[126.8485188,37.28555494],[126.84876784,37.28592564],[126.84910299,37.28625056],[126.84951137,37.28651721],[126.84997729,37.28671535],[126.85048284,37.28683736],[126.8510086,37.28687856],[126.85153436,37.28683736],[126.85203991,37.28671535],[126.85250583,37.28651721],[126.85291422,37.28625056],[126.85324937,37.28592564],[126.85349841,37.28555494],[126.85365177,37.28515271],[126.85370355,37.2847344]]]}"
화성시,향남읍,2018,스쿨존내어린이사고다발지,6503372,2019034,4159025939,41590002,경기도 화성시2,경기도 화성시 향남읍(한울초교 부근),1,1,1,0,0,0,37.126554743108,126.917678271236,"{""type"":""Polygon"",""coordinates"":[[[126.92037322,37.12655474],[126.92032143,37.12613555],[126.92016808,37.12573247],[126.91991904,37.12536098],[126.91958389,37.12503537],[126.9191755,37.12476815],[126.91870958,37.12456958],[126.91820403,37.12444731],[126.91767827,37.12440602],[126.91715251,37.12444731],[126.91664696,37.12456958],[126.91618104,37.12476815],[126.91577266,37.12503537],[126.91543751,37.12536098],[126.91518847,37.12573247],[126.91503511,37.12613555],[126.91498333,37.12655474],[126.91503511,37.12697393],[126.91518847,37.12737701],[126.91543751,37.12774848],[126.91577266,37.12807408],[126.91618104,37.12834129],[126.91664696,37.12853985],[126.91715251,37.12866212],[126.91767827,37.1287034],[126.91820403,37.12866212],[126.91870958,37.12853985],[126.9191755,37.12834129],[126.91958389,37.12807408],[126.91991904,37.12774848],[126.92016808,37.12737701],[126.92032143,37.12697393],[126.92037322,37.12655474]]]}"
안산시,단원구,2018,스쿨존내어린이사고다발지,6503375,2019034,4127310900,41273001,경기도 안산시 단원구1,경기도 안산시 단원구 선부동(석수초교 부근),2,2,0,2,0,0,37.344763109331,126.806785284414,"{""type"":""Polygon"",""coordinates"":[[[126.80948023,37.34476311],[126.80942845,37.34434513],[126.80927509,37.34394321],[126.80902605,37.3435728],[126.8086909,37.34324813],[126.80828252,37.34298168],[126.8078166,37.34278369],[126.80731104,37.34266177],[126.80678528,37.3426206],[126.80625953,37.34266177],[126.80575397,37.34278369],[126.80528805,37.34298168],[126.80487967,37.34324813],[126.80454452,37.3435728],[126.80429548,37.34394321],[126.80414212,37.34434513],[126.80409034,37.34476311],[126.80414212,37.34518109],[126.80429548,37.345583],[126.80454452,37.3459534],[126.80487967,37.34627806],[126.80528805,37.3465445],[126.80575397,37.34674248],[126.80625953,37.34686439],[126.80678528,37.34690556],[126.80731104,37.34686439],[126.8078166,37.34674248],[126.80828252,37.3465445],[126.8086909,37.34627806],[126.80902605,37.3459534],[126.80927509,37.345583],[126.80942845,37.34518109],[126.80948023,37.34476311]]]}"
남양주시,화도읍,2018,스쿨존내어린이사고다발지,6503384,2019034,4136025623,41360001,경기도 남양주시1,경기도 남양주시 화도읍(가곡초교 부근),2,2,0,1,1,0,37.683617867172,127.306171020377,"{""type"":""Polygon"",""coordinates"":[[[127.30886597,37.68361787],[127.30881418,37.68320178],[127.30866083,37.68280168],[127.30841179,37.68243295],[127.30807663,37.68210975],[127.30766825,37.68184451],[127.30720233,37.68164741],[127.30669678,37.68152604],[127.30617102,37.68148506],[127.30564526,37.68152604],[127.30513971,37.68164741],[127.30467379,37.68184451],[127.30426541,37.68210975],[127.30393025,37.68243295],[127.30368122,37.68280168],[127.30352786,37.68320178],[127.30347607,37.68361787],[127.30352786,37.68403395],[127.30368122,37.68443404],[127.30393025,37.68480276],[127.30426541,37.68512595],[127.30467379,37.68539118],[127.30513971,37.68558827],[127.30564526,37.68570963],[127.30617102,37.68575061],[127.30669678,37.68570963],[127.30720233,37.68558827],[127.30766825,37.68539118],[127.30807663,37.68512595],[127.30841179,37.68480276],[127.30866083,37.68443404],[127.30881418,37.68403395],[127.30886597,37.68361787]]]}"
광주시,오포읍,2018,스쿨존내어린이사고다발지,6503351,2019034,4161025022,41610001,경기도 광주시1,경기도 광주시 오포읍(광명초교 부근),3,3,0,1,2,0,37.359435520634,127.160781140638,"{""type"":""Polygon"",""coordinates"":[[[127.16347609,37.35943552],[127.1634243,37.35901762],[127.16327095,37.35861578],[127.16302191,37.35824544],[127.16268676,37.35792084],[127.16227837,37.35765444],[127.16181245,37.35745649],[127.1613069,37.35733459],[127.16078114,37.35729343],[127.16025538,37.35733459],[127.15974983,37.35745649],[127.15928391,37.35765444],[127.15887553,37.35792084],[127.15854038,37.35824544],[127.15829134,37.35861578],[127.15813798,37.35901762],[127.15808619,37.35943552],[127.15813798,37.35985342],[127.15829134,37.36025525],[127.15854038,37.36062558],[127.15887553,37.36095017],[127.15928391,37.36121656],[127.15974983,37.3614145],[127.16025538,37.36153639],[127.16078114,37.36157755],[127.1613069,37.36153639],[127.16181245,37.3614145],[127.16227837,37.36121656],[127.16268676,37.36095017],[127.16302191,37.36062558],[127.16327095,37.36025525],[127.1634243,37.35985342],[127.16347609,37.35943552]]]}"
안산시,상록구,2017,스쿨존내어린이사고다발지,6393995,2018027,4127110400,41271001,경기도 안산시 상록구1,경기도 안산시 상록구 본오동(본원초교 부근),3,3,0,1,2,0,37.291460766502,126.86300000165,"{""type"":""Polygon"",""coordinates"":[[[126.86569495,37.29146077],[126.86564316,37.29104249],[126.86548981,37.29064029],[126.86524077,37.29026961],[126.86490562,37.28994471],[126.86449723,37.28967807],[126.86403131,37.28947994],[126.86352576,37.28935793],[126.863,37.28931673],[126.86247424,37.28935793],[126.86196869,37.28947994],[126.86150277,37.28967807],[126.86109439,37.28994471],[126.86075924,37.29026961],[126.8605102,37.29064029],[126.86035684,37.29104249],[126.86030506,37.29146077],[126.86035684,37.29187904],[126.8605102,37.29228124],[126.86075924,37.2926519],[126.86109439,37.29297679],[126.86150277,37.29324342],[126.86196869,37.29344154],[126.86247424,37.29356354],[126.863,37.29360474],[126.86352576,37.29356354],[126.86403131,37.29344154],[126.86449723,37.29324342],[126.86490562,37.29297679],[126.86524077,37.2926519],[126.86548981,37.29228124],[126.86564316,37.29187904],[126.86569495,37.29146077]]]}"
시흥시,정왕동,2017,스쿨존내어린이사고다발지,6394245,2018027,4139013200,41390001,경기도 시흥시1,경기도 시흥시 정왕동(보람유치원 부근),1,1,1,0,0,0,37.342912826167,126.754218608603,"{""type"":""Polygon"",""coordinates"":[[[126.75691355,37.34291283],[126.75686177,37.34249484],[126.75670841,37.34209291],[126.75645937,37.34172249],[126.75612422,37.34139781],[126.75571584,37.34113135],[126.75524992,37.34093336],[126.75474437,37.34081143],[126.75421861,37.34077026],[126.75369285,37.34081143],[126.7531873,37.34093336],[126.75272138,37.34113135],[126.75231299,37.34139781],[126.75197784,37.34172249],[126.7517288,37.34209291],[126.75157545,37.34249484],[126.75152366,37.34291283],[126.75157545,37.34333081],[126.7517288,37.34373273],[126.75197784,37.34410314],[126.75231299,37.34442781],[126.75272138,37.34469426],[126.7531873,37.34489224],[126.75369285,37.34501416],[126.75421861,37.34505533],[126.75474437,37.34501416],[126.75524992,37.34489224],[126.75571584,37.34469426],[126.75612422,37.34442781],[126.75645937,37.34410314],[126.75670841,37.34373273],[126.75686177,37.34333081],[126.75691355,37.34291283]]]}"
성남시,중원구,2017,스쿨존내어린이사고다발지,6394251,2018027,4113310400,41133001,경기도 성남시 중원구1,경기도 성남시 중원구 은행동(중부초교 부근),1,1,1,0,0,0,37.450731226965,127.165031940972,"{""type"":""Polygon"",""coordinates"":[[[127.16772689,37.45073123],[127.1676751,37.45031384],[127.16752175,37.44991249],[127.16727271,37.4495426],[127.16693756,37.44921839],[127.16652917,37.44895231],[127.16606325,37.4487546],[127.1655577,37.44863285],[127.16503194,37.44859174],[127.16450618,37.44863285],[127.16400063,37.4487546],[127.16353471,37.44895231],[127.16312633,37.44921839],[127.16279118,37.4495426],[127.16254214,37.44991249],[127.16238878,37.45031384],[127.162337,37.45073123],[127.16238878,37.45114861],[127.16254214,37.45154996],[127.16279118,37.45191983],[127.16312633,37.45224403],[127.16353471,37.4525101],[127.16400063,37.4527078],[127.16450618,37.45282954],[127.16503194,37.45287065],[127.1655577,37.45282954],[127.16606325,37.4527078],[127.16652917,37.4525101],[127.16693756,37.45224403],[127.16727271,37.45191983],[127.16752175,37.45154996],[127.1676751,37.45114861],[127.16772689,37.45073123]]]}"
구리시,인창동,2017,스쿨존내어린이사고다발지,6394234,2018027,4131010300,41310001,경기도 구리시1,경기도 구리시 인창동(동인초교 부근),2,2,0,1,1,0,37.610915785336,127.133115238978,"{""type"":""Polygon"",""coordinates"":[[[127.13581018,37.61091579],[127.1357584,37.61049929],[127.13560504,37.6100988],[127.135356,37.60972971],[127.13502085,37.60940619],[127.13461247,37.60914069],[127.13414655,37.6089434],[127.133641,37.60882191],[127.13311524,37.60878089],[127.13258948,37.60882191],[127.13208393,37.6089434],[127.13161801,37.60914069],[127.13120962,37.60940619],[127.13087447,37.60972971],[127.13062543,37.6100988],[127.13047208,37.61049929],[127.13042029,37.61091579],[127.13047208,37.61133228],[127.13062543,37.61173276],[127.13087447,37.61210184],[127.13120962,37.61242535],[127.13161801,37.61269084],[127.13208393,37.61288812],[127.13258948,37.6130096],[127.13311524,37.61305062],[127.133641,37.6130096],[127.13414655,37.61288812],[127.13461247,37.61269084],[127.13502085,37.61242535],[127.135356,37.61210184],[127.13560504,37.61173276],[127.1357584,37.61133228],[127.13581018,37.61091579]]]}"
안산시,단원구,2017,스쿨존내어린이사고다발지,6393997,2018027,4127310900,41273001,경기도 안산시 단원구1,경기도 안산시 단원구 선부동(석수초교 부근),2,2,0,2,0,0,37.34431840627,126.805472099759,"{""type"":""Polygon"",""coordinates"":[[[126.80816705,37.34431841],[126.80811526,37.34390043],[126.80796191,37.3434985],[126.80771287,37.34312809],[126.80737771,37.34280342],[126.80696933,37.34253697],[126.80650341,37.34233897],[126.80599786,37.34221705],[126.8054721,37.34217588],[126.80494634,37.34221705],[126.80444079,37.34233897],[126.80397487,37.34253697],[126.80356649,37.34280342],[126.80323133,37.34312809],[126.80298229,37.3434985],[126.80282894,37.34390043],[126.80277715,37.34431841],[126.80282894,37.34473638],[126.80298229,37.3451383],[126.80323133,37.3455087],[126.80356649,37.34583336],[126.80397487,37.3460998],[126.80444079,37.34629779],[126.80494634,37.3464197],[126.8054721,37.34646087],[126.80599786,37.3464197],[126.80650341,37.34629779],[126.80696933,37.3460998],[126.80737771,37.34583336],[126.80771287,37.3455087],[126.80796191,37.3451383],[126.80811526,37.34473638],[126.80816705,37.34431841]]]}"
안산시,단원구,2017,스쿨존내어린이사고다발지,6394556,2018027,4127310200,41273002,경기도 안산시 단원구2,경기도 안산시 단원구 와동(덕인초교 부근),2,2,0,0,2,0,37.340281280358,126.823144531596,"{""type"":""Polygon"",""coordinates"":[[[126.82583948,37.34028128],[126.82578769,37.33986328],[126.82563434,37.33946133],[126.8253853,37.3390909],[126.82505015,37.33876621],[126.82464176,37.33849974],[126.82417584,37.33830174],[126.82367029,37.33817981],[126.82314453,37.33813864],[126.82261877,37.33817981],[126.82211322,37.33830174],[126.8216473,37.33849974],[126.82123892,37.33876621],[126.82090377,37.3390909],[126.82065473,37.33946133],[126.82050137,37.33986328],[126.82044959,37.34028128],[126.82050137,37.34069928],[126.82065473,37.34110122],[126.82090377,37.34147164],[126.82123892,37.34179632],[126.8216473,37.34206277],[126.82211322,37.34226077],[126.82261877,37.34238269],[126.82314453,37.34242386],[126.82367029,37.34238269],[126.82417584,37.34226077],[126.82464176,37.34206277],[126.82505015,37.34179632],[126.8253853,37.34147164],[126.82563434,37.34110122],[126.82578769,37.34069928],[126.82583948,37.34028128]]]}"
이천시,송정동,2016,스쿨존내어린이사고다발지,6230087,2017026,4150011000,41500001,경기도 이천시1,경기도 이천시 송정동(송정초교 부근),2,2,0,1,1,0,37.294346083906,127.433894092639,"{""type"":""Polygon"",""coordinates"":[[[127.43658904,37.29434608],[127.43653726,37.29392782],[127.4363839,37.29352564],[127.43613486,37.29315498],[127.43579971,37.29283009],[127.43539132,37.29256346],[127.4349254,37.29236533],[127.43441985,37.29224333],[127.43389409,37.29220213],[127.43336833,37.29224333],[127.43286278,37.29236533],[127.43239686,37.29256346],[127.43198848,37.29283009],[127.43165333,37.29315498],[127.43140429,37.29352564],[127.43125093,37.29392782],[127.43119915,37.29434608],[127.43125093,37.29476434],[127.43140429,37.29516652],[127.43165333,37.29553717],[127.43198848,37.29586205],[127.43239686,37.29612867],[127.43286278,37.29632678],[127.43336833,37.29644878],[127.43389409,37.29648997],[127.43441985,37.29644878],[127.4349254,37.29632678],[127.43539132,37.29612867],[127.43579971,37.29586205],[127.43613486,37.29553717],[127.4363839,37.29516652],[127.43653726,37.29476434],[127.43658904,37.29434608]]]}"
안산시,단원구,2016,스쿨존내어린이사고다발지,6229776,2017026,4127310200,41273003,경기도 안산시 단원구3,경기도 안산시 단원구 와동(와동초교 부근),2,2,0,0,2,0,37.336341400836,126.830516120624,"{""type"":""Polygon"",""coordinates"":[[[126.83321107,37.3363414],[126.83315928,37.33592338],[126.83300593,37.33552141],[126.83275689,37.33515096],[126.83242174,37.33482625],[126.83201335,37.33455977],[126.83154743,37.33436176],[126.83104188,37.33423982],[126.83051612,37.33419865],[126.82999036,37.33423982],[126.82948481,37.33436176],[126.82901889,37.33455977],[126.82861051,37.33482625],[126.82827536,37.33515096],[126.82802632,37.33552141],[126.82787296,37.33592338],[126.82782117,37.3363414],[126.82787296,37.33675942],[126.82802632,37.33716138],[126.82827536,37.33753182],[126.82861051,37.33785652],[126.82901889,37.33812299],[126.82948481,37.33832099],[126.82999036,37.33844292],[126.83051612,37.33848409],[126.83104188,37.33844292],[126.83154743,37.33832099],[126.83201335,37.33812299],[126.83242174,37.33785652],[126.83275689,37.33753182],[126.83300593,37.33716138],[126.83315928,37.33675942],[126.83321107,37.3363414]]]}"
안산시,단원구,2016,스쿨존내어린이사고다발지,6230086,2017026,4127310200,41273002,경기도 안산시 단원구2,경기도 안산시 단원구 와동(화랑초교 부근),2,4,0,3,1,0,37.331603631104,126.817938916549,"{""type"":""Polygon"",""coordinates"":[[[126.82063386,37.33160363],[126.82058208,37.33118558],[126.82042872,37.33078359],[126.82017968,37.33041311],[126.81984453,37.33008839],[126.81943615,37.32982189],[126.81897023,37.32962386],[126.81846467,37.32950192],[126.81793892,37.32946074],[126.81741316,37.32950192],[126.81690761,37.32962386],[126.81644168,37.32982189],[126.8160333,37.33008839],[126.81569815,37.33041311],[126.81544911,37.33078359],[126.81529575,37.33118558],[126.81524397,37.33160363],[126.81529575,37.33202168],[126.81544911,37.33242366],[126.81569815,37.33279413],[126.8160333,37.33311884],[126.81644168,37.33338533],[126.81690761,37.33358335],[126.81741316,37.33370528],[126.81793892,37.33374646],[126.81846467,37.33370528],[126.81897023,37.33358335],[126.81943615,37.33338533],[126.81984453,37.33311884],[126.82017968,37.33279413],[126.82042872,37.33242366],[126.82058208,37.33202168],[126.82063386,37.33160363]]]}"
안산시,단원구,2016,스쿨존내어린이사고다발지,6230085,2017026,4127310700,41273001,경기도 안산시 단원구1,경기도 안산시 단원구 초지동(초지초교 부근),2,5,2,2,1,0,37.311003479728,126.813468988304,"{""type"":""Polygon"",""coordinates"":[[[126.81616393,37.31100348],[126.81611215,37.31058531],[126.81595879,37.31018321],[126.81570975,37.30981264],[126.8153746,37.30948782],[126.81496622,37.30922125],[126.8145003,37.30902317],[126.81399475,37.30890119],[126.81346899,37.30886],[126.81294323,37.30890119],[126.81243768,37.30902317],[126.81197176,37.30922125],[126.81156337,37.30948782],[126.81122822,37.30981264],[126.81097918,37.31018321],[126.81082583,37.31058531],[126.81077404,37.31100348],[126.81082583,37.31142164],[126.81097918,37.31182374],[126.81122822,37.3121943],[126.81156337,37.31251911],[126.81197176,37.31278567],[126.81243768,37.31298374],[126.81294323,37.31310571],[126.81346899,37.31314689],[126.81399475,37.31310571],[126.8145003,37.31298374],[126.81496622,37.31278567],[126.8153746,37.31251911],[126.81570975,37.3121943],[126.81595879,37.31182374],[126.81611215,37.31142164],[126.81616393,37.31100348]]]}"
수원시,영통구,2016,스쿨존내어린이사고다발지,6229760,2017026,4111710700,41117001,경기도 수원시 영통구1,경기도 수원시 영통구 망포동(태장초교 부근),2,3,0,0,2,1,37.241307591373,127.054255689749,"{""type"":""Polygon"",""coordinates"":[[[127.05695064,37.24130759],[127.05689885,37.24088904],[127.0567455,37.24048657],[127.05649646,37.24011565],[127.0561613,37.23979053],[127.05575292,37.23952371],[127.055287,37.23932545],[127.05478145,37.23920336],[127.05425569,37.23916213],[127.05372993,37.23920336],[127.05322438,37.23932545],[127.05275846,37.23952371],[127.05235008,37.23979053],[127.05201492,37.24011565],[127.05176588,37.24048657],[127.05161253,37.24088904],[127.05156074,37.24130759],[127.05161253,37.24172614],[127.05176588,37.24212861],[127.05201492,37.24249952],[127.05235008,37.24282462],[127.05275846,37.24309143],[127.05322438,37.24328968],[127.05372993,37.24341177],[127.05425569,37.24345299],[127.05478145,37.24341177],[127.055287,37.24328968],[127.05575292,37.24309143],[127.0561613,37.24282462],[127.05649646,37.24249952],[127.0567455,37.24212861],[127.05689885,37.24172614],[127.05695064,37.24130759]]]}"
광명시,철산동,2016,스쿨존내어린이사고다발지,6229766,2017026,4121010200,41210001,경기도 광명시1,경기도 광명시 철산동(광명북초교 부근),2,2,0,2,0,0,37.488156579563,126.867871562624,"{""type"":""Polygon"",""coordinates"":[[[126.87056651,37.48815658],[126.87051473,37.4877394],[126.87036137,37.48733825],[126.87011233,37.48696855],[126.86977718,37.4866445],[126.86936879,37.48637856],[126.86890287,37.48618094],[126.86839732,37.48605926],[126.86787156,37.48601817],[126.8673458,37.48605926],[126.86684025,37.48618094],[126.86637433,37.48637856],[126.86596595,37.4866445],[126.8656308,37.48696855],[126.86538176,37.48733825],[126.8652284,37.4877394],[126.86517662,37.48815658],[126.8652284,37.48857376],[126.86538176,37.4889749],[126.8656308,37.48934459],[126.86596595,37.48966863],[126.86637433,37.48993456],[126.86684025,37.49013216],[126.8673458,37.49025385],[126.86787156,37.49029493],[126.86839732,37.49025385],[126.86890287,37.49013216],[126.86936879,37.48993456],[126.86977718,37.48966863],[126.87011233,37.48934459],[126.87036137,37.4889749],[126.87051473,37.48857376],[126.87056651,37.48815658]]]}"
광주시,중대동,2016,스쿨존내어린이사고다발지,6229755,2017026,4161010800,41610001,경기도 광주시1,경기도 광주시 중대동(광남초교 부근),2,2,0,0,2,0,37.393969668866,127.231344945814,"{""type"":""Polygon"",""coordinates"":[[[127.23403989,37.39396967],[127.23398811,37.39355196],[127.23383475,37.39315031],[127.23358571,37.39278014],[127.23325056,37.39245568],[127.23284218,37.39218941],[127.23237626,37.39199155],[127.2318707,37.3918697],[127.23134495,37.39182856],[127.23081919,37.3918697],[127.23031363,37.39199155],[127.22984771,37.39218941],[127.22943933,37.39245568],[127.22910418,37.39278014],[127.22885514,37.39315031],[127.22870178,37.39355196],[127.22865,37.39396967],[127.22870178,37.39438737],[127.22885514,37.39478902],[127.22910418,37.39515918],[127.22943933,37.39548362],[127.22984771,37.39574989],[127.23031363,37.39594774],[127.23081919,37.39606958],[127.23134495,37.39611071],[127.2318707,37.39606958],[127.23237626,37.39594774],[127.23284218,37.39574989],[127.23325056,37.39548362],[127.23358571,37.39515918],[127.23383475,37.39478902],[127.23398811,37.39438737],[127.23403989,37.39396967]]]}"
부천시,소사구,2016,스쿨존내어린이사고다발지,6229772,2017026,4119710200,41197001,경기도 부천시 소사구1,경기도 부천시 소사구 심곡본동(부천남초교 부근),2,2,0,2,0,0,37.481717125246,126.782022384427,"{""type"":""Polygon"",""coordinates"":[[[126.78471733,37.48171713],[126.78466555,37.48129991],[126.78451219,37.48089873],[126.78426315,37.48052899],[126.783928,37.48020491],[126.78351962,37.47993895],[126.7830537,37.47974132],[126.78254814,37.47961962],[126.78202238,37.47957853],[126.78149663,37.47961962],[126.78099107,37.47974132],[126.78052515,37.47993895],[126.78011677,37.48020491],[126.77978162,37.48052899],[126.77953258,37.48089873],[126.77937922,37.48129991],[126.77932744,37.48171713],[126.77937922,37.48213434],[126.77953258,37.48253552],[126.77978162,37.48290524],[126.78011677,37.48322931],[126.78052515,37.48349526],[126.78099107,37.48369288],[126.78149663,37.48381457],[126.78202238,37.48385566],[126.78254814,37.48381457],[126.7830537,37.48369288],[126.78351962,37.48349526],[126.783928,37.48322931],[126.78426315,37.48290524],[126.78451219,37.48253552],[126.78466555,37.48213434],[126.78471733,37.48171713]]]}"
평택시,서정동,2015,스쿨존내어린이사고다발지,6138247,2016040,4122010100,41220001,경기도 평택시1,경기도 평택시 서정동(서정리초교 부근),1,1,1,0,0,0,37.058639804684,127.057289596739,"{""type"":""Polygon"",""coordinates"":[[[127.05998454,37.0586398],[127.05993276,37.05822024],[127.0597794,37.05781679],[127.05953036,37.05744498],[127.05919521,37.05711907],[127.05878683,37.05685161],[127.05832091,37.05665287],[127.05781535,37.05653048],[127.0572896,37.05648916],[127.05676384,37.05653048],[127.05625829,37.05665287],[127.05579237,37.05685161],[127.05538398,37.05711907],[127.05504883,37.05744498],[127.05479979,37.05781679],[127.05464643,37.05822024],[127.05459465,37.0586398],[127.05464643,37.05905937],[127.05479979,37.05946281],[127.05504883,37.05983461],[127.05538398,37.06016051],[127.05579237,37.06042796],[127.05625829,37.06062669],[127.05676384,37.06074907],[127.0572896,37.06079039],[127.05781535,37.06074907],[127.05832091,37.06062669],[127.05878683,37.06042796],[127.05919521,37.06016051],[127.05953036,37.05983461],[127.0597794,37.05946281],[127.05993276,37.05905937],[127.05998454,37.0586398]]]}"
안산시,단원구,2015,스쿨존내어린이사고다발지,6138864,2016040,4127310900,41273002,경기도 안산시 단원구2,경기도 안산시 단원구 선부동(선일초교 부근),2,2,0,0,2,0,37.339829620142,126.800183438616,"{""type"":""Polygon"",""coordinates"":[[[126.80287838,37.33982962],[126.8028266,37.33941161],[126.80267324,37.33900967],[126.8024242,37.33863923],[126.80208905,37.33831454],[126.80168067,37.33804807],[126.80121475,37.33785007],[126.8007092,37.33772814],[126.80018344,37.33768697],[126.79965768,37.33772814],[126.79915213,37.33785007],[126.79868621,37.33804807],[126.79827782,37.33831454],[126.79794267,37.33863923],[126.79769363,37.33900967],[126.79754028,37.33941161],[126.79748849,37.33982962],[126.79754028,37.34024762],[126.79769363,37.34064956],[126.79794267,37.34101999],[126.79827782,37.34134467],[126.79868621,37.34161112],[126.79915213,37.34180912],[126.79965768,37.34193104],[126.80018344,37.34197221],[126.8007092,37.34193104],[126.80121475,37.34180912],[126.80168067,37.34161112],[126.80208905,37.34134467],[126.8024242,37.34101999],[126.80267324,37.34064956],[126.8028266,37.34024762],[126.80287838,37.33982962]]]}"
안산시,단원구,2015,스쿨존내어린이사고다발지,6141106,2016040,4127310200,41273001,경기도 안산시 단원구1,경기도 안산시 단원구 와동(와동초교 부근),2,6,0,0,6,0,37.337717115354,126.829916887056,"{""type"":""Polygon"",""coordinates"":[[[126.83261183,37.33771712],[126.83256005,37.3372991],[126.83240669,37.33689714],[126.83215765,37.3365267],[126.8318225,37.33620199],[126.83141412,37.33593552],[126.8309482,37.33573751],[126.83044264,37.33561557],[126.82991689,37.3355744],[126.82939113,37.33561557],[126.82888558,37.33573751],[126.82841966,37.33593552],[126.82801127,37.33620199],[126.82767612,37.3365267],[126.82742708,37.33689714],[126.82727372,37.3372991],[126.82722194,37.33771712],[126.82727372,37.33813513],[126.82742708,37.33853708],[126.82767612,37.33890752],[126.82801127,37.33923221],[126.82841966,37.33949867],[126.82888558,37.33969667],[126.82939113,37.3398186],[126.82991689,37.33985977],[126.83044264,37.3398186],[126.8309482,37.33969667],[126.83141412,37.33949867],[126.8318225,37.33923221],[126.83215765,37.33890752],[126.83240669,37.33853708],[126.83256005,37.33813513],[126.83261183,37.33771712]]]}"
고양시,일산서구,2015,스쿨존내어린이사고다발지,6107957,2016040,4128710100,41287001,경기도 고양시 일산서구1,경기도 고양시 일산서구 일산동(한뫼초교 부근),3,4,0,1,2,1,37.686499525234,126.767202895299,"{""type"":""Polygon"",""coordinates"":[[[126.76989784,37.68649953],[126.76984606,37.68608346],[126.7696927,37.68568337],[126.76944366,37.68531466],[126.76910851,37.68499147],[126.76870013,37.68472623],[126.76823421,37.68452915],[126.76772865,37.68440778],[126.7672029,37.6843668],[126.76667714,37.68440778],[126.76617158,37.68452915],[126.76570566,37.68472623],[126.76529728,37.68499147],[126.76496213,37.68531466],[126.76471309,37.68568337],[126.76455973,37.68608346],[126.76450795,37.68649953],[126.76455973,37.68691559],[126.76471309,37.68731567],[126.76496213,37.68768438],[126.76529728,37.68800755],[126.76570566,37.68827277],[126.76617158,37.68846985],[126.76667714,37.68859121],[126.7672029,37.68863219],[126.76772865,37.68859121],[126.76823421,37.68846985],[126.76870013,37.68827277],[126.76910851,37.68800755],[126.76944366,37.68768438],[126.7696927,37.68731567],[126.76984606,37.68691559],[126.76989784,37.68649953]]]}"
부천시,원미구,2015,스쿨존내어린이사고다발지,6138559,2016040,4119510700,41195001,경기도 부천시 원미구1,경기도 부천시 원미구 역곡동(동곡초교 부근),2,2,1,1,0,0,37.490022740258,126.816710197119,"{""type"":""Polygon"",""coordinates"":[[[126.81940514,37.49002274],[126.81935336,37.48960557],[126.8192,37.48920443],[126.81895096,37.48883474],[126.81861581,37.4885107],[126.81820743,37.48824476],[126.81774151,37.48804715],[126.81723595,37.48792547],[126.8167102,37.48788438],[126.81618444,37.48792547],[126.81567889,37.48804715],[126.81521297,37.48824476],[126.81480458,37.4885107],[126.81446943,37.48883474],[126.81422039,37.48920443],[126.81406703,37.48960557],[126.81401525,37.49002274],[126.81406703,37.49043991],[126.81422039,37.49084104],[126.81446943,37.49121072],[126.81480458,37.49153475],[126.81521297,37.49180068],[126.81567889,37.49199827],[126.81618444,37.49211995],[126.8167102,37.49216104],[126.81723595,37.49211995],[126.81774151,37.49199827],[126.81820743,37.49180068],[126.81861581,37.49153475],[126.81895096,37.49121072],[126.8192,37.49084104],[126.81935336,37.49043991],[126.81940514,37.49002274]]]}"
군포시,산본동,2015,스쿨존내어린이사고다발지,6138865,2016040,4141010400,41410001,경기도 군포시1,경기도 군포시 산본동(산본초교입구사거리 부근),2,3,0,0,3,0,37.367704833612,126.93321723329,"{""type"":""Polygon"",""coordinates"":[[[126.93591218,37.36770483],[126.9358604,37.36728698],[126.93570704,37.36688519],[126.935458,37.36651489],[126.93512285,37.36619032],[126.93471446,37.36592395],[126.93424854,37.36572602],[126.93374299,37.36560413],[126.93321723,37.36556298],[126.93269148,37.36560413],[126.93218592,37.36572602],[126.93172,37.36592395],[126.93131162,37.36619032],[126.93097647,37.36651489],[126.93072743,37.36688519],[126.93057407,37.36728698],[126.93052229,37.36770483],[126.93057407,37.36812268],[126.93072743,37.36852447],[126.93097647,37.36889476],[126.93131162,37.36921932],[126.93172,37.36948568],[126.93218592,37.3696836],[126.93269148,37.36980548],[126.93321723,37.36984663],[126.93374299,37.36980548],[126.93424854,37.3696836],[126.93471446,37.36948568],[126.93512285,37.36921932],[126.935458,37.36889476],[126.93570704,37.36852447],[126.9358604,37.36812268],[126.93591218,37.36770483]]]}"
광명시,소하동,2015,스쿨존내어린이사고다발지,6107944,2016040,4121010400,41210001,경기도 광명시1,경기도 광명시 소하동(충현초교 부근),2,2,0,1,1,0,37.434256866562,126.885246353038,"{""type"":""Polygon"",""coordinates"":[[[126.8879413,37.43425687],[126.88788952,37.43383939],[126.88773616,37.43343795],[126.88748712,37.43306798],[126.88715197,37.4327437],[126.88674358,37.43247756],[126.88627766,37.43227981],[126.88577211,37.43215803],[126.88524635,37.43211691],[126.8847206,37.43215803],[126.88421504,37.43227981],[126.88374912,37.43247756],[126.88334074,37.4327437],[126.88300559,37.43306798],[126.88275655,37.43343795],[126.88260319,37.43383939],[126.88255141,37.43425687],[126.88260319,37.43467434],[126.88275655,37.43507578],[126.88300559,37.43544574],[126.88334074,37.43577001],[126.88374912,37.43603613],[126.88421504,37.43623387],[126.8847206,37.43635564],[126.88524635,37.43639676],[126.88577211,37.43635564],[126.88627766,37.43623387],[126.88674358,37.43603613],[126.88715197,37.43577001],[126.88748712,37.43544574],[126.88773616,37.43507578],[126.88788952,37.43467434],[126.8879413,37.43425687]]]}"
오산시,가수동,2014,스쿨존내어린이사고다발지,6090138,2015042,41370121,41370001,경기도 오산시1,경기도 오산시 가수동(오산초교 부근),2,2,0,0,2,0,37.14436196983,127.049208686333,"{""type"":""Polygon"",""coordinates"":[[[127.0515965,37.1462734],[127.0511935,37.1465489],[127.0507417,37.1467705],[127.0502522,37.1469328],[127.0497369,37.1470319],[127.0492087,37.1470652],[127.0486804,37.1470319],[127.0481652,37.1469328],[127.0476756,37.1467705],[127.0472238,37.1465489],[127.0468209,37.1462734],[127.0464768,37.1459508],[127.0461999,37.1455892],[127.0459972,37.1451973],[127.0458735,37.1447848],[127.0458319,37.1443619],[127.0458735,37.1439391],[127.0459973,37.1435266],[127.0462,37.1431347],[127.0464769,37.142773],[127.046821,37.1424505],[127.0472239,37.142175],[127.0476757,37.1419534],[127.0481653,37.1417911],[127.0486805,37.1416921],[127.0492087,37.1416588],[127.0497369,37.1416921],[127.0502521,37.1417911],[127.0507416,37.1419534],[127.0511934,37.142175],[127.0515963,37.1424505],[127.0519405,37.142773],[127.0522173,37.1431347],[127.0524201,37.1435266],[127.0525438,37.1439391],[127.0525854,37.1443619],[127.0525439,37.1447848],[127.0524202,37.1451973],[127.0522174,37.1455892],[127.0519406,37.1459508],[127.0515965,37.1462734]]]}"
안양시,동안구,2014,스쿨존내어린이사고다발지,6090137,2015042,41173103,41173001,경기도 안양시 동안구1,경기도 안양시 동안구 평촌동(벌말초교 부근),2,2,0,2,0,0,37.393562223819,126.979561294819,"{""type"":""Polygon"",""coordinates"":[[[126.981957,37.3954736],[126.9815527,37.395749],[126.9810994,37.3959707],[126.9806082,37.396133],[126.9800913,37.396232],[126.9795613,37.3962653],[126.9790313,37.396232],[126.9785143,37.396133],[126.9780232,37.3959707],[126.9775699,37.395749],[126.9771656,37.3954736],[126.9768204,37.395151],[126.9765426,37.3947894],[126.9763392,37.3943975],[126.9762151,37.393985],[126.9761734,37.3935622],[126.9762151,37.3931393],[126.9763393,37.3927269],[126.9765427,37.392335],[126.9768205,37.3919734],[126.9771658,37.3916508],[126.97757,37.3913754],[126.9780233,37.3911538],[126.9785144,37.3909914],[126.9790313,37.3908924],[126.9795613,37.3908592],[126.9800913,37.3908924],[126.9806082,37.3909914],[126.9810993,37.3911538],[126.9815526,37.3913754],[126.9819568,37.3916508],[126.9823021,37.3919734],[126.9825799,37.392335],[126.9827833,37.3927269],[126.9829075,37.3931393],[126.9829492,37.3935622],[126.9829075,37.393985],[126.9827834,37.3943975],[126.98258,37.3947894],[126.9823022,37.395151],[126.981957,37.3954736]]]}"
안산시,단원구,2014,스쿨존내어린이사고다발지,6090136,2015042,41273109,41273001,경기도 안산시 단원구1,경기도 안산시 단원구 선부동(안산화정초교 부근),3,3,0,3,0,0,37.344889266228,126.815456461248,"{""type"":""Polygon"",""coordinates"":[[[126.8178506,37.3468006],[126.8174466,37.3470761],[126.8169936,37.3472977],[126.8165027,37.3474601],[126.8159861,37.3475591],[126.8154565,37.3475924],[126.8149268,37.3475591],[126.8144102,37.3474601],[126.8139193,37.3472977],[126.8134663,37.3470761],[126.8130624,37.3468006],[126.8127173,37.3464781],[126.8124397,37.3461164],[126.8122364,37.3457245],[126.8121124,37.3453121],[126.8120708,37.3448892],[126.8121125,37.3444664],[126.8122365,37.3440539],[126.8124398,37.3436621],[126.8127174,37.3433004],[126.8130625,37.3429779],[126.8134665,37.3427024],[126.8139194,37.3424808],[126.8144103,37.3423185],[126.8149268,37.3422195],[126.8154565,37.3421862],[126.8159861,37.3422195],[126.8165027,37.3423185],[126.8169935,37.3424808],[126.8174465,37.3427024],[126.8178505,37.3429779],[126.8181955,37.3433004],[126.8184731,37.3436621],[126.8186764,37.3440539],[126.8188005,37.3444664],[126.8188422,37.3448892],[126.8188005,37.3453121],[126.8186765,37.3457245],[126.8184732,37.3461164],[126.8181956,37.3464781],[126.8178506,37.3468006]]]}"
평택시,이충동,2014,스쿨존내어린이사고다발지,6090139,2015042,41220109,41220001,경기도 평택시1,경기도 평택시 이충동(반지초교 부근),2,2,0,2,0,0,37.058406075381,127.070028391898,"{""type"":""Polygon"",""coordinates"":[[[127.0724135,37.0603175],[127.072011,37.060593],[127.0715597,37.0608147],[127.0710707,37.060977],[127.0705561,37.061076],[127.0700284,37.0611093],[127.0695007,37.061076],[127.0689861,37.060977],[127.0684971,37.0608147],[127.0680458,37.060593],[127.0676433,37.0603175],[127.0672996,37.059995],[127.067023,37.0596333],[127.0668205,37.0592414],[127.066697,37.0588289],[127.0666555,37.058406],[127.066697,37.0579832],[127.0668206,37.0575707],[127.0670231,37.0571788],[127.0672997,37.0568171],[127.0676434,37.0564946],[127.0680459,37.0562191],[127.0684972,37.0559975],[127.0689861,37.0558352],[127.0695008,37.0557361],[127.0700284,37.0557029],[127.070556,37.0557361],[127.0710706,37.0558352],[127.0715596,37.0559975],[127.0720109,37.0562191],[127.0724134,37.0564946],[127.0727571,37.0568171],[127.0730336,37.0571788],[127.0732362,37.0575707],[127.0733598,37.0579832],[127.0734013,37.058406],[127.0733598,37.0588289],[127.0732363,37.0592414],[127.0730337,37.0596333],[127.0727572,37.059995],[127.0724135,37.0603175]]]}"
화성시,능동,2014,스쿨존내어린이사고다발지,6090173,2015042,41590118,41590001,경기도 화성시1,경기도 화성시 능동(푸른초교 부근),1,1,1,0,0,0,37.201517165686,127.055977245754,"{""type"":""Polygon"",""coordinates"":[[[127.0583668,37.2034286],[127.0579636,37.203704],[127.0575115,37.2039257],[127.0570215,37.204088],[127.0565059,37.204187],[127.0559772,37.2042203],[127.0554486,37.204187],[127.054933,37.204088],[127.054443,37.2039257],[127.0539909,37.203704],[127.0535877,37.2034286],[127.0532433,37.203106],[127.0529662,37.2027443],[127.0527633,37.2023524],[127.0526395,37.20194],[127.052598,37.2015171],[127.0526396,37.2010943],[127.0527634,37.2006818],[127.0529663,37.2002899],[127.0532434,37.1999283],[127.0535878,37.1996057],[127.053991,37.1993303],[127.0544431,37.1991086],[127.054933,37.1989463],[127.0554486,37.1988473],[127.0559772,37.198814],[127.0565059,37.1988473],[127.0570215,37.1989463],[127.0575114,37.1991086],[127.0579635,37.1993303],[127.0583667,37.1996057],[127.0587111,37.1999283],[127.0589882,37.2002899],[127.0591911,37.2006818],[127.0593149,37.2010943],[127.0593565,37.2015171],[127.0593149,37.20194],[127.0591912,37.2023524],[127.0589883,37.2027443],[127.0587112,37.203106],[127.0583668,37.2034286]]]}"
부천시,오정구,2014,스쿨존내어린이사고다발지,6090172,2015042,41199104,41199001,경기도 부천시 오정구1,경기도 부천시 오정구 원종동(원종초교 부근),1,1,1,0,0,0,37.518552094505,126.807153362539,"{""type"":""Polygon"",""coordinates"":[[[126.809553,37.5204634],[126.8091481,37.5207389],[126.808694,37.5209605],[126.8082021,37.5211228],[126.8076842,37.5212218],[126.8071534,37.5212551],[126.8066225,37.5212218],[126.8061047,37.5211228],[126.8056127,37.5209605],[126.8051586,37.5207389],[126.8047537,37.5204634],[126.8044079,37.5201409],[126.8041297,37.5197792],[126.8039259,37.5193873],[126.8038016,37.5189749],[126.8037598,37.518552],[126.8038016,37.5181292],[126.803926,37.5177168],[126.8041298,37.5173249],[126.804408,37.5169633],[126.8047538,37.5166408],[126.8051588,37.5163653],[126.8056128,37.5161437],[126.8061047,37.5159814],[126.8066225,37.5158824],[126.8071534,37.5158491],[126.8076842,37.5158824],[126.808202,37.5159814],[126.8086939,37.5161437],[126.809148,37.5163653],[126.8095529,37.5166408],[126.8098987,37.5169633],[126.810177,37.5173249],[126.8103808,37.5177168],[126.8105051,37.5181292],[126.8105469,37.518552],[126.8105051,37.5189749],[126.8103808,37.5193873],[126.8101771,37.5197792],[126.8098988,37.5201409],[126.809553,37.5204634]]]}"
수원시,권선구,2014,스쿨존내어린이사고다발지,6090135,2015042,41113128,41113001,경기도 수원시 권선구1,경기도 수원시 권선구 고색동(호매실초교 부근),2,2,0,1,1,0,37.267825989579,126.956957304637,"{""type"":""Polygon"",""coordinates"":[[[126.959349,37.2697374],[126.9589454,37.2700128],[126.9584929,37.2702345],[126.9580025,37.2703968],[126.9574864,37.2704958],[126.9569573,37.2705291],[126.9564282,37.2704958],[126.9559121,37.2703968],[126.9554217,37.2702345],[126.9549692,37.2700128],[126.9545656,37.2697374],[126.954221,37.2694148],[126.9539437,37.2690531],[126.9537406,37.2686613],[126.9536167,37.2682488],[126.9535751,37.2678259],[126.9536167,37.2674031],[126.9537406,37.2669906],[126.9539438,37.2665988],[126.9542211,37.2662371],[126.9545658,37.2659146],[126.9549693,37.2656391],[126.9554218,37.2654175],[126.9559122,37.2652552],[126.9564282,37.2651561],[126.9569573,37.2651229],[126.9574864,37.2651561],[126.9580024,37.2652552],[126.9584928,37.2654175],[126.9589453,37.2656391],[126.9593489,37.2659146],[126.9596935,37.2662371],[126.9599709,37.2665988],[126.960174,37.2669906],[126.9602979,37.2674031],[126.9603395,37.2678259],[126.9602979,37.2682488],[126.960174,37.2686613],[126.959971,37.2690531],[126.9596937,37.2694148],[126.959349,37.2697374]]]}"
광주시,퇴촌면,2013,스쿨존내어린이사고다발지,181778,2014095,4161034025,41610001,경기도 광주시1,경기도 광주시 퇴촌면(도수초교 부근),2,2,0,2,0,0,37.471515629644,127.316531044873,"{""type"":""Polygon"",""coordinates"":[[[127.3189292,37.4734269],[127.3185245,37.4737024],[127.3180708,37.473924],[127.3175791,37.4740864],[127.3170616,37.4741854],[127.316531,37.4742187],[127.3160005,37.4741854],[127.315483,37.4740864],[127.3149913,37.473924],[127.3145376,37.4737024],[127.3141329,37.4734269],[127.3137873,37.4731044],[127.3135092,37.4727427],[127.3133056,37.4723509],[127.3131814,37.4719384],[127.3131396,37.4715156],[127.3131814,37.4710927],[127.3133057,37.4706803],[127.3135093,37.4702884],[127.3137874,37.4699268],[127.314133,37.4696043],[127.3145377,37.4693288],[127.3149914,37.4691072],[127.3154831,37.4689449],[127.3160005,37.4688459],[127.316531,37.4688126],[127.3170616,37.4688459],[127.317579,37.4689449],[127.3180707,37.4691072],[127.3185244,37.4693288],[127.3189291,37.4696043],[127.3192747,37.4699268],[127.3195528,37.4702884],[127.3197564,37.4706803],[127.3198807,37.4710927],[127.3199224,37.4715156],[127.3198807,37.4719384],[127.3197565,37.4723509],[127.3195529,37.4727427],[127.3192748,37.4731044],[127.3189292,37.4734269]]]}"
부천시,소사구,2013,스쿨존내어린이사고다발지,181774,2014095,4119710200,41197001,경기도 부천시 소사구1,경기도 부천시 소사구 심곡본동(부천남초교 부근),2,2,0,1,1,0,37.481211367212,126.781857567474,"{""type"":""Polygon"",""coordinates"":[[[126.784256,37.4831227],[126.7838513,37.4833981],[126.7833975,37.4836198],[126.7829057,37.4837821],[126.7823882,37.4838811],[126.7818576,37.4839144],[126.7813269,37.4838811],[126.7808094,37.4837821],[126.7803177,37.4836198],[126.7798638,37.4833981],[126.7794591,37.4831227],[126.7791135,37.4828001],[126.7788354,37.4824385],[126.7786317,37.4820466],[126.7785075,37.4816342],[126.7784657,37.4812113],[126.7785075,37.4807885],[126.7786318,37.480376],[126.7788355,37.4799842],[126.7791136,37.4796225],[126.7794592,37.4793],[126.779864,37.4790246],[126.7803178,37.4788029],[126.7808095,37.4786406],[126.781327,37.4785416],[126.7818576,37.4785083],[126.7823881,37.4785416],[126.7829057,37.4786406],[126.7833974,37.4788029],[126.7838512,37.4790246],[126.7842559,37.4793],[126.7846016,37.4796225],[126.7848797,37.4799842],[126.7850834,37.480376],[126.7852076,37.4807885],[126.7852494,37.4812113],[126.7852077,37.4816342],[126.7850834,37.4820466],[126.7848798,37.4824385],[126.7846017,37.4828001],[126.784256,37.4831227]]]}"
광주시,오포읍,2013,스쿨존내어린이사고다발지,181762,2014095,4161025027,41610002,경기도 광주시2,경기도 광주시 오포읍(매곡초교 부근),2,2,0,1,1,0,37.372254903142,127.247494113164,"{""type"":""Polygon"",""coordinates"":[[[127.2498891,37.3741662],[127.249485,37.3744417],[127.2490318,37.3746634],[127.2485408,37.3748257],[127.248024,37.3749247],[127.2474941,37.374958],[127.2469643,37.3749247],[127.2464475,37.3748257],[127.2459564,37.3746634],[127.2455033,37.3744417],[127.2450991,37.3741662],[127.244754,37.3738437],[127.2444763,37.373482],[127.2442729,37.3730902],[127.2441489,37.3726777],[127.2441072,37.3722549],[127.2441489,37.371832],[127.244273,37.3714196],[127.2444764,37.3710277],[127.2447541,37.370666],[127.2450993,37.3703435],[127.2455034,37.3700681],[127.2459565,37.3698464],[127.2464475,37.3696841],[127.2469643,37.3695851],[127.2474941,37.3695518],[127.2480239,37.3695851],[127.2485407,37.3696841],[127.2490317,37.3698464],[127.2494848,37.3700681],[127.249889,37.3703435],[127.2502341,37.370666],[127.2505118,37.3710277],[127.2507152,37.3714196],[127.2508393,37.371832],[127.250881,37.3722549],[127.2508394,37.3726777],[127.2507153,37.3730902],[127.2505119,37.373482],[127.2502343,37.3738437],[127.2498891,37.3741662]]]}"
포천시,소흘읍,2013,스쿨존내어린이사고다발지,181770,2014095,4165025000,41650001,경기도 포천시1,경기도 포천시 소흘읍(태봉초교 부근),2,3,0,0,3,0,37.833794445158,127.144310353241,"{""type"":""Polygon"",""coordinates"":[[[127.1467202,37.8357056],[127.1463135,37.8359811],[127.1458576,37.8362027],[127.1453635,37.836365],[127.1448435,37.836464],[127.1443104,37.8364973],[127.1437772,37.836464],[127.1432572,37.836365],[127.1427631,37.8362027],[127.1423072,37.8359811],[127.1419005,37.8357056],[127.1415532,37.8353831],[127.1412738,37.8350215],[127.1410692,37.8346296],[127.1409444,37.8342172],[127.1409024,37.8337944],[127.1409444,37.8333716],[127.1410693,37.8329592],[127.1412739,37.8325673],[127.1415533,37.8322057],[127.1419007,37.8318832],[127.1423073,37.8316078],[127.1427632,37.8313862],[127.1432573,37.8312239],[127.1437773,37.8311249],[127.1443104,37.8310916],[127.1448434,37.8311249],[127.1453634,37.8312239],[127.1458575,37.8313862],[127.1463134,37.8316078],[127.1467201,37.8318832],[127.1470674,37.8322057],[127.1473468,37.8325673],[127.1475514,37.8329592],[127.1476763,37.8333716],[127.1477183,37.8337944],[127.1476763,37.8342172],[127.1475515,37.8346296],[127.1473469,37.8350215],[127.1470675,37.8353831],[127.1467202,37.8357056]]]}"
안산시,단원구,2013,스쿨존내어린이사고다발지,182723,2014095,4127310900,41273001,경기도 안산시 단원구1,경기도 안산시 단원구 선부동(안산화정초교 부근),2,2,0,0,2,0,37.345074554448,126.815376329855,"{""type"":""Polygon"",""coordinates"":[[[126.8177704,37.3469859],[126.8173665,37.3472614],[126.8169135,37.347483],[126.8164226,37.3476453],[126.815906,37.3477444],[126.8153763,37.3477776],[126.8148467,37.3477444],[126.8143301,37.3476453],[126.8138392,37.347483],[126.8133862,37.3472614],[126.8129822,37.3469859],[126.8126372,37.3466634],[126.8123596,37.3463017],[126.8121563,37.3459098],[126.8120323,37.3454974],[126.8119906,37.3450745],[126.8120323,37.3446517],[126.8121564,37.3442392],[126.8123597,37.3438473],[126.8126373,37.3434857],[126.8129823,37.3431632],[126.8133863,37.3428877],[126.8138393,37.3426661],[126.8143301,37.3425038],[126.8148467,37.3424047],[126.8153763,37.3423715],[126.815906,37.3424047],[126.8164225,37.3425038],[126.8169134,37.3426661],[126.8173663,37.3428877],[126.8177703,37.3431632],[126.8181154,37.3434857],[126.818393,37.3438473],[126.8185963,37.3442392],[126.8187203,37.3446517],[126.818762,37.3450745],[126.8187204,37.3454974],[126.8185964,37.3459098],[126.8183931,37.3463017],[126.8181155,37.3466634],[126.8177704,37.3469859]]]}"
안산시,단원구,2012,스쿨존내어린이사고다발지,99531,2013060,4127310900,41273001,경기도 안산시 단원구1,경기도 안산시 단원구 선부동(화랑초교 부근),2,2,0,1,1,0,37.331411397419,126.81807314576,"{""type"":""Polygon"",""coordinates"":[[[126.8204668,37.3333228],[126.8200629,37.3335982],[126.81961,37.3338199],[126.8191192,37.3339822],[126.8186027,37.3340812],[126.8180731,37.3341145],[126.8175436,37.3340812],[126.8170271,37.3339822],[126.8165363,37.3338199],[126.8160834,37.3335982],[126.8156795,37.3333228],[126.8153345,37.3330002],[126.815057,37.3326385],[126.8148537,37.3322467],[126.8147297,37.3318342],[126.8146881,37.3314113],[126.8147297,37.3309885],[126.8148538,37.3305761],[126.8150571,37.3301842],[126.8153346,37.3298225],[126.8156796,37.3295],[126.8160835,37.3292245],[126.8165364,37.3290029],[126.8170271,37.3288406],[126.8175436,37.3287416],[126.8180731,37.3287083],[126.8186027,37.3287416],[126.8191192,37.3288406],[126.8196099,37.3290029],[126.8200628,37.3292245],[126.8204667,37.3295],[126.8208117,37.3298225],[126.8210892,37.3301842],[126.8212925,37.3305761],[126.8214165,37.3309885],[126.8214582,37.3314113],[126.8214166,37.3318342],[126.8212926,37.3322467],[126.8210893,37.3326385],[126.8208118,37.3330002],[126.8204668,37.3333228]]]}"
수원시,영통구,2012,스쿨존내어린이사고다발지,99527,2013060,4111710100,41117001,경기도 수원시 영통구1,경기도 수원시 영통구 매탄동(매탄초교 효동초교 부근),2,2,0,1,1,0,37.262664037516,127.044647487692,"{""type"":""Polygon"",""coordinates"":[[[127.047039,37.2645754],[127.0466354,37.2648509],[127.0461829,37.2650725],[127.0456926,37.2652349],[127.0451766,37.2653339],[127.0446475,37.2653672],[127.0441184,37.2653339],[127.0436024,37.2652349],[127.043112,37.2650725],[127.0426595,37.2648509],[127.042256,37.2645754],[127.0419113,37.2642529],[127.041634,37.2638912],[127.041431,37.2634993],[127.0413071,37.2630869],[127.0412655,37.262664],[127.0413071,37.2622411],[127.041431,37.2618287],[127.0416341,37.2614368],[127.0419114,37.2610751],[127.0422561,37.2607526],[127.0426596,37.2604771],[127.0431121,37.2602555],[127.0436024,37.2600932],[127.0441184,37.2599942],[127.0446475,37.2599609],[127.0451765,37.2599942],[127.0456926,37.2600932],[127.0461828,37.2602555],[127.0466353,37.2604771],[127.0470389,37.2607526],[127.0473835,37.2610751],[127.0476608,37.2614368],[127.0478639,37.2618287],[127.0479878,37.2622411],[127.0480295,37.262664],[127.0479879,37.2630869],[127.047864,37.2634993],[127.0476609,37.2638912],[127.0473837,37.2642529],[127.047039,37.2645754]]]}"
부천시,원미구,2012,스쿨존내어린이사고다발지,99529,2013060,4119510900,41195001,경기도 부천시 원미구1,경기도 부천시 원미구 상동(송내초교 부근),2,2,0,1,1,0,37.490115001707,126.76012162991,"{""type"":""Polygon"",""coordinates"":[[[126.7625204,37.4920263],[126.7621156,37.4923018],[126.7616617,37.4925234],[126.7611699,37.4926857],[126.7606523,37.4927847],[126.7601216,37.492818],[126.7595909,37.4927847],[126.7590733,37.4926857],[126.7585815,37.4925234],[126.7581277,37.4923018],[126.7577229,37.4920263],[126.7573772,37.4917038],[126.7570991,37.4913421],[126.7568954,37.4909502],[126.7567711,37.4905378],[126.7567294,37.490115],[126.7567712,37.4896921],[126.7568955,37.4892797],[126.7570992,37.4888878],[126.7573773,37.4885262],[126.757723,37.4882037],[126.7581278,37.4879282],[126.7585816,37.4877066],[126.7590734,37.4875443],[126.759591,37.4874453],[126.7601216,37.487412],[126.7606523,37.4874453],[126.7611699,37.4875443],[126.7616616,37.4877066],[126.7621155,37.4879282],[126.7625202,37.4882037],[126.762866,37.4885262],[126.7631441,37.4888878],[126.7633478,37.4892797],[126.7634721,37.4896921],[126.7635139,37.490115],[126.7634721,37.4905378],[126.7633479,37.4909502],[126.7631442,37.4913421],[126.7628661,37.4917038],[126.7625204,37.4920263]]]}"
남양주시,가운동,2012,스쿨존내어린이사고다발지,99533,2013060,4136010700,41360001,경기도 남양주시1,경기도 남양주시 가운동(가운초교 부근),2,2,0,0,2,0,37.600652987446,127.156887845998,"{""type"":""Polygon"",""coordinates"":[[[127.1592901,37.6025643],[127.1588848,37.6028397],[127.1584302,37.6030613],[127.1579377,37.6032237],[127.1574193,37.6033227],[127.1568878,37.603356],[127.1563564,37.6033227],[127.155838,37.6032237],[127.1553455,37.6030613],[127.1548909,37.6028397],[127.1544856,37.6025643],[127.1541394,37.6022417],[127.1538608,37.6018801],[127.1536568,37.6014882],[127.1535324,37.6010758],[127.1534906,37.6006529],[127.1535324,37.6002301],[127.1536569,37.5998177],[127.1538609,37.5994258],[127.1541395,37.5990642],[127.1544857,37.5987417],[127.154891,37.5984662],[127.1553456,37.5982446],[127.1558381,37.5980823],[127.1563564,37.5979833],[127.1568878,37.59795],[127.1574193,37.5979833],[127.1579376,37.5980823],[127.1584301,37.5982446],[127.1588846,37.5984662],[127.15929,37.5987417],[127.1596362,37.5990642],[127.1599148,37.5994258],[127.1601188,37.5998177],[127.1602433,37.6002301],[127.1602851,37.6006529],[127.1602433,37.6010758],[127.1601189,37.6014882],[127.1599149,37.6018801],[127.1596363,37.6022417],[127.1592901,37.6025643]]]}"
평택시,장당동,2012,스쿨존내어린이사고다발지,99530,2013060,4122010200,41220001,경기도 평택시1,경기도 평택시 장당동(장당초교 부근),2,2,0,1,1,0,37.050395508147,127.057356631305,"{""type"":""Polygon"",""coordinates"":[[[127.0597415,37.052307],[127.059339,37.0525824],[127.0588878,37.0528041],[127.0583988,37.0529664],[127.0578842,37.0530654],[127.0573566,37.0530987],[127.056829,37.0530654],[127.0563144,37.0529664],[127.0558255,37.0528041],[127.0553742,37.0525824],[127.0549718,37.052307],[127.0546281,37.0519844],[127.0543516,37.0516227],[127.0541491,37.0512308],[127.0540256,37.0508183],[127.0539841,37.0503955],[127.0540256,37.0499726],[127.0541492,37.0495601],[127.0543517,37.0491682],[127.0546282,37.0488066],[127.0549719,37.048484],[127.0553743,37.0482085],[127.0558256,37.0479869],[127.0563145,37.0478246],[127.0568291,37.0477256],[127.0573566,37.0476923],[127.0578842,37.0477256],[127.0583988,37.0478246],[127.0588877,37.0479869],[127.0593389,37.0482085],[127.0597413,37.048484],[127.060085,37.0488066],[127.0603616,37.0491682],[127.0605641,37.0495601],[127.0606877,37.0499726],[127.0607292,37.0503955],[127.0606877,37.0508183],[127.0605642,37.0512308],[127.0603617,37.0516227],[127.0600852,37.0519844],[127.0597415,37.052307]]]}"
의정부시,장암동,2012,스쿨존내어린이사고다발지,99528,2013060,4115010300,41150001,경기도 의정부시1,경기도 의정부시 장암동(동암초교 부근),2,2,0,1,1,0,37.723345117284,127.053496816626,"{""type"":""Polygon"",""coordinates"":[[[127.0559031,37.7252563],[127.055497,37.7255318],[127.0550417,37.7257534],[127.0545484,37.7259157],[127.0540292,37.7260148],[127.0534968,37.726048],[127.0529645,37.7260148],[127.0524452,37.7259157],[127.0519519,37.7257534],[127.0514966,37.7255318],[127.0510906,37.7252563],[127.0507438,37.7249338],[127.0504648,37.7245722],[127.0502605,37.7241803],[127.0501358,37.7237679],[127.050094,37.7233451],[127.0501359,37.7229222],[127.0502606,37.7225098],[127.0504649,37.722118],[127.0507439,37.7217564],[127.0510907,37.7214338],[127.0514967,37.7211584],[127.051952,37.7209368],[127.0524453,37.7207745],[127.0529645,37.7206755],[127.0534968,37.7206422],[127.0540291,37.7206755],[127.0545483,37.7207745],[127.0550416,37.7209368],[127.0554969,37.7211584],[127.0559029,37.7214338],[127.0562497,37.7217564],[127.0565287,37.722118],[127.0567331,37.7225098],[127.0568578,37.7229222],[127.0568997,37.7233451],[127.0568578,37.7237679],[127.0567332,37.7241803],[127.0565288,37.7245722],[127.0562498,37.7249338],[127.0559031,37.7252563]]]}"
안산시,단원구,2012,스쿨존내어린이사고다발지,99532,2013060,4127310900,41273002,경기도 안산시 단원구2,경기도 안산시 단원구 선부동(안산화정초교 부근),3,3,0,2,1,0,37.345343501203,126.816461118187,"{""type"":""Polygon"",""coordinates"":[[[126.8188552,37.3472548],[126.8184513,37.3475303],[126.8179983,37.347752],[126.8175074,37.3479143],[126.8169908,37.3480133],[126.8164611,37.3480466],[126.8159315,37.3480133],[126.8154148,37.3479143],[126.814924,37.347752],[126.814471,37.3475303],[126.814067,37.3472548],[126.813722,37.3469323],[126.8134444,37.3465706],[126.8132411,37.3461788],[126.8131171,37.3457663],[126.8130754,37.3453435],[126.8131171,37.3449206],[126.8132411,37.3445082],[126.8134445,37.3441163],[126.8137221,37.3437546],[126.8140671,37.3434321],[126.8144711,37.3431566],[126.8149241,37.342935],[126.8154149,37.3427727],[126.8159315,37.3426737],[126.8164611,37.3426404],[126.8169907,37.3426737],[126.8175073,37.3427727],[126.8179982,37.342935],[126.8184511,37.3431566],[126.8188551,37.3434321],[126.8192002,37.3437546],[126.8194778,37.3441163],[126.8196811,37.3445082],[126.8198051,37.3449206],[126.8198468,37.3453435],[126.8198052,37.3457663],[126.8196812,37.3461788],[126.8194779,37.3465706],[126.8192003,37.3469323],[126.8188552,37.3472548]]]}"

